title,tag,severity
"Missing field in monthly export #1",docs,low
"Timeout on SSO callback #2",reports,low
"Slow response from webhook retry #3",billing,low
"Broken link in usage report #4",billing,normal
"Timeout on usage report #5",billing,low
"Wrong total in renewal flow #6",api,urgent
"Timeout on webhook retry #7",billing,normal
"Missing field in usage report #8",auth,low
"Slow response from invoice PDF #9",api,normal
"Timeout on webhook retry #10",reports,low
"Slow response from SSO callback #11",api,low
"Slow response from webhook retry #12",docs,urgent
"Bad encoding in audit log #13",docs,urgent
"Missing field in invoice PDF #14",auth,normal
"Crash in webhook retry #15",billing,high
"Slow response from seat assignment #16",reports,urgent
"Missing field in SSO callback #17",billing,urgent
"Wrong total in audit log #18",auth,urgent
"Broken link in renewal flow #19",mobile,low
"Bad encoding in audit log #20",reports,high
"Slow response from seat assignment #21",api,urgent
"Timeout on SSO callback #22",reports,urgent
"Crash in SSO callback #23",billing,high
"Crash in seat assignment #24",reports,urgent
"Crash in audit log #25",billing,urgent
"Missing field in monthly export #26",api,low
"Broken link in renewal flow #27",auth,high
"Wrong total in webhook retry #28",docs,urgent
"Bad encoding in seat assignment #29",billing,normal
"Broken link in usage report #30",api,high
"Wrong total in usage report #31",onboarding,high
"Crash in usage report #32",reports,urgent
"Wrong total in monthly export #33",billing,normal
"Wrong total in webhook retry #34",mobile,normal
"Timeout on seat assignment #35",onboarding,normal
"Missing field in invoice PDF #36",billing,normal
"Broken link in audit log #37",api,high
"Wrong total in renewal flow #38",docs,urgent
"Broken link in usage report #39",docs,low
"Broken link in usage report #40",billing,normal
"Timeout on webhook retry #41",docs,normal
"Timeout on audit log #42",api,low
"Timeout on renewal flow #43",api,normal
"Slow response from SSO callback #44",reports,low
"Timeout on webhook retry #45",api,urgent
"Wrong total in invoice PDF #46",reports,high
"Broken link in SSO callback #47",billing,urgent
"Broken link in seat assignment #48",docs,high
"Timeout on monthly export #49",billing,high
"Crash in invoice PDF #50",docs,normal
"Slow response from renewal flow #51",auth,high
"Wrong total in renewal flow #52",onboarding,high
"Crash in SSO callback #53",mobile,high
"Slow response from audit log #54",auth,high
"Bad encoding in webhook retry #55",api,high
"Crash in webhook retry #56",api,normal
"Bad encoding in webhook retry #57",onboarding,urgent
"Crash in webhook retry #58",auth,urgent
"Missing field in renewal flow #59",billing,high
"Broken link in invoice PDF #60",auth,high
"Broken link in audit log #61",reports,low
"Wrong total in SSO callback #62",auth,urgent
"Wrong total in audit log #63",auth,urgent
"Slow response from renewal flow #64",docs,high
"Bad encoding in SSO callback #65",onboarding,low
"Broken link in webhook retry #66",docs,normal
"Broken link in audit log #67",billing,urgent
"Broken link in usage report #68",mobile,low
"Crash in monthly export #69",auth,normal
"Timeout on monthly export #70",api,urgent
"Bad encoding in monthly export #71",api,urgent
"Crash in audit log #72",auth,normal
"Timeout on renewal flow #73",onboarding,low
"Slow response from monthly export #74",docs,normal
"Bad encoding in webhook retry #75",billing,high
"Wrong total in invoice PDF #76",api,normal
"Bad encoding in audit log #77",reports,urgent
"Bad encoding in monthly export #78",billing,high
"Broken link in usage report #79",onboarding,normal
"Slow response from monthly export #80",api,low
"Bad encoding in seat assignment #81",onboarding,normal
"Slow response from renewal flow #82",onboarding,normal
"Wrong total in monthly export #83",docs,low
"Slow response from renewal flow #84",reports,urgent
"Bad encoding in SSO callback #85",api,low
"Wrong total in webhook retry #86",reports,low
"Bad encoding in SSO callback #87",api,urgent
"Slow response from renewal flow #88",onboarding,low
"Broken link in audit log #89",api,normal
"Crash in invoice PDF #90",docs,urgent
"Slow response from webhook retry #91",mobile,high
"Slow response from webhook retry #92",onboarding,urgent
"Wrong total in usage report #93",billing,urgent
"Broken link in audit log #94",billing,normal
"Broken link in SSO callback #95",auth,high
"Bad encoding in SSO callback #96",onboarding,normal
"Crash in audit log #97",auth,high
"Wrong total in seat assignment #98",auth,low
"Broken link in seat assignment #99",auth,normal
"Wrong total in usage report #100",api,urgent
"Missing field in usage report #101",auth,high
"Missing field in SSO callback #102",mobile,high
"Timeout on audit log #103",api,urgent
"Broken link in renewal flow #104",docs,high
"Slow response from invoice PDF #105",api,low
"Timeout on webhook retry #106",billing,low
"Missing field in invoice PDF #107",billing,normal
"Missing field in monthly export #108",onboarding,urgent
"Bad encoding in invoice PDF #109",docs,normal
"Slow response from seat assignment #110",mobile,high
"Timeout on invoice PDF #111",billing,normal
"Broken link in SSO callback #112",reports,low
"Crash in SSO callback #113",onboarding,high
"Timeout on webhook retry #114",billing,high
"Bad encoding in SSO callback #115",docs,low
"Missing field in usage report #116",reports,normal
"Timeout on webhook retry #117",billing,normal
"Missing field in renewal flow #118",auth,normal
"Missing field in invoice PDF #119",api,normal
"Missing field in seat assignment #120",api,normal
"Missing field in audit log #121",onboarding,low
"Missing field in renewal flow #122",billing,low
"Crash in webhook retry #123",api,urgent
"Wrong total in seat assignment #124",billing,urgent
"Crash in seat assignment #125",api,urgent
"Slow response from invoice PDF #126",mobile,normal
"Wrong total in audit log #127",auth,normal
"Broken link in audit log #128",billing,normal
"Timeout on SSO callback #129",mobile,high
"Broken link in monthly export #130",billing,low
"Crash in usage report #131",onboarding,high
"Slow response from webhook retry #132",mobile,high
"Timeout on seat assignment #133",auth,normal
"Missing field in seat assignment #134",billing,high
"Missing field in audit log #135",api,high
"Wrong total in renewal flow #136",reports,normal
"Missing field in monthly export #137",billing,high
"Broken link in SSO callback #138",docs,high
"Slow response from webhook retry #139",auth,low
"Timeout on invoice PDF #140",onboarding,low
"Wrong total in usage report #141",api,low
"Broken link in renewal flow #142",reports,high
"Crash in webhook retry #143",billing,normal
"Crash in usage report #144",onboarding,high
"Crash in seat assignment #145",auth,high
"Crash in monthly export #146",billing,urgent
"Crash in monthly export #147",api,low
"Bad encoding in webhook retry #148",billing,low
"Timeout on monthly export #149",mobile,high
"Timeout on usage report #150",onboarding,urgent
"Slow response from renewal flow #151",mobile,low
"Crash in webhook retry #152",docs,high
"Timeout on seat assignment #153",onboarding,low
"Crash in SSO callback #154",mobile,low
"Crash in seat assignment #155",reports,low
"Bad encoding in invoice PDF #156",auth,normal
"Wrong total in seat assignment #157",docs,urgent
"Timeout on seat assignment #158",mobile,high
"Bad encoding in renewal flow #159",api,normal
"Timeout on monthly export #160",reports,high
"Crash in invoice PDF #161",api,normal
"Timeout on seat assignment #162",billing,urgent
"Missing field in SSO callback #163",mobile,normal
"Crash in seat assignment #164",reports,high
"Broken link in seat assignment #165",docs,low
"Slow response from webhook retry #166",reports,low
"Broken link in renewal flow #167",reports,urgent
"Timeout on seat assignment #168",reports,urgent
"Wrong total in webhook retry #169",billing,low
"Wrong total in invoice PDF #170",reports,normal
"Slow response from invoice PDF #171",billing,high
"Wrong total in seat assignment #172",docs,urgent
"Timeout on monthly export #173",billing,urgent
"Crash in seat assignment #174",docs,high
"Crash in monthly export #175",docs,high
"Broken link in audit log #176",billing,high
"Timeout on audit log #177",onboarding,high
"Bad encoding in usage report #178",billing,normal
"Crash in renewal flow #179",mobile,high
"Missing field in audit log #180",billing,urgent
"Broken link in SSO callback #181",reports,urgent
"Bad encoding in invoice PDF #182",onboarding,low
"Missing field in SSO callback #183",billing,high
"Crash in monthly export #184",auth,high
"Broken link in audit log #185",auth,high
"Bad encoding in usage report #186",billing,urgent
"Slow response from webhook retry #187",mobile,low
"Timeout on usage report #188",docs,normal
"Crash in invoice PDF #189",docs,low
"Slow response from monthly export #190",auth,urgent
"Broken link in audit log #191",reports,high
"Missing field in invoice PDF #192",docs,normal
"Missing field in seat assignment #193",api,urgent
"Timeout on monthly export #194",mobile,normal
"Timeout on webhook retry #195",api,urgent
"Slow response from webhook retry #196",docs,high
"Bad encoding in seat assignment #197",docs,normal
"Slow response from webhook retry #198",auth,low
"Wrong total in audit log #199",api,low
"Missing field in webhook retry #200",reports,high
"Bad encoding in webhook retry #201",billing,urgent
"Broken link in usage report #202",mobile,normal
"Broken link in invoice PDF #203",reports,low
"Broken link in invoice PDF #204",api,high
"Wrong total in webhook retry #205",billing,high
"Wrong total in usage report #206",docs,urgent
"Broken link in invoice PDF #207",onboarding,low
"Wrong total in renewal flow #208",docs,urgent
"Slow response from seat assignment #209",billing,low
"Broken link in seat assignment #210",docs,normal
"Bad encoding in SSO callback #211",auth,normal
"Wrong total in SSO callback #212",onboarding,urgent
"Timeout on renewal flow #213",billing,normal
"Wrong total in renewal flow #214",mobile,high
"Wrong total in invoice PDF #215",api,urgent
"Crash in SSO callback #216",billing,low
"Missing field in webhook retry #217",docs,high
"Wrong total in renewal flow #218",billing,high
"Broken link in invoice PDF #219",reports,normal
"Broken link in webhook retry #220",api,normal
"Timeout on usage report #221",mobile,high
"Timeout on renewal flow #222",auth,urgent
"Crash in usage report #223",billing,high
"Wrong total in usage report #224",reports,normal
"Broken link in renewal flow #225",mobile,high
"Crash in usage report #226",reports,urgent
"Wrong total in renewal flow #227",onboarding,high
"Crash in SSO callback #228",auth,urgent
"Wrong total in invoice PDF #229",onboarding,normal
"Wrong total in seat assignment #230",auth,high
"Bad encoding in invoice PDF #231",billing,urgent
"Slow response from monthly export #232",auth,urgent
"Broken link in renewal flow #233",api,normal
"Broken link in renewal flow #234",auth,low
"Slow response from monthly export #235",docs,low
"Crash in renewal flow #236",auth,urgent
"Broken link in audit log #237",mobile,low
"Timeout on monthly export #238",reports,normal
"Wrong total in seat assignment #239",billing,high
"Crash in usage report #240",onboarding,high
"Missing field in seat assignment #241",auth,low
"Timeout on SSO callback #242",reports,low
"Missing field in usage report #243",billing,normal
"Broken link in audit log #244",onboarding,high
"Bad encoding in usage report #245",billing,low
"Crash in seat assignment #246",auth,high
"Slow response from seat assignment #247",auth,high
"Missing field in seat assignment #248",billing,urgent
"Wrong total in usage report #249",billing,urgent
"Timeout on seat assignment #250",billing,low
"Missing field in webhook retry #251",mobile,low
"Slow response from audit log #252",reports,high
"Missing field in renewal flow #253",reports,high
"Missing field in invoice PDF #254",billing,low
"Timeout on webhook retry #255",billing,urgent
"Crash in seat assignment #256",onboarding,urgent
"Bad encoding in invoice PDF #257",docs,urgent
"Wrong total in seat assignment #258",auth,low
"Bad encoding in invoice PDF #259",onboarding,normal
"Slow response from webhook retry #260",reports,high
"Broken link in audit log #261",onboarding,low
"Slow response from webhook retry #262",docs,normal
"Wrong total in usage report #263",billing,low
"Broken link in audit log #264",auth,urgent
"Timeout on SSO callback #265",reports,low
"Wrong total in SSO callback #266",docs,urgent
"Crash in seat assignment #267",auth,normal
"Wrong total in usage report #268",docs,normal
"Crash in SSO callback #269",onboarding,high
"Missing field in invoice PDF #270",api,high
"Missing field in invoice PDF #271",mobile,high
"Wrong total in seat assignment #272",auth,normal
"Wrong total in webhook retry #273",auth,high
"Slow response from webhook retry #274",reports,low
"Broken link in invoice PDF #275",auth,normal
"Crash in SSO callback #276",mobile,urgent
"Timeout on SSO callback #277",billing,urgent
"Bad encoding in webhook retry #278",onboarding,urgent
"Missing field in renewal flow #279",reports,normal
"Timeout on renewal flow #280",auth,normal
"Timeout on audit log #281",api,normal
"Broken link in invoice PDF #282",onboarding,low
"Timeout on audit log #283",auth,low
"Missing field in audit log #284",auth,low
"Wrong total in invoice PDF #285",billing,normal
"Bad encoding in renewal flow #286",onboarding,high
"Broken link in audit log #287",auth,high
"Timeout on webhook retry #288",billing,urgent
"Slow response from seat assignment #289",billing,urgent
"Timeout on usage report #290",mobile,normal
"Crash in SSO callback #291",mobile,normal
"Broken link in invoice PDF #292",docs,high
"Crash in invoice PDF #293",docs,low
"Missing field in audit log #294",docs,urgent
"Timeout on audit log #295",mobile,normal
"Broken link in usage report #296",auth,low
"Broken link in monthly export #297",docs,low
"Bad encoding in SSO callback #298",docs,high
"Broken link in monthly export #299",auth,low
"Timeout on monthly export #300",mobile,urgent
"Timeout on audit log #301",mobile,normal
"Wrong total in audit log #302",reports,normal
"Slow response from monthly export #303",billing,low
"Broken link in seat assignment #304",onboarding,normal
"Missing field in monthly export #305",onboarding,low
"Broken link in audit log #306",billing,urgent
"Timeout on monthly export #307",mobile,normal
"Slow response from usage report #308",api,normal
"Bad encoding in seat assignment #309",auth,normal
"Timeout on usage report #310",api,normal
"Broken link in audit log #311",billing,normal
"Wrong total in webhook retry #312",billing,low
"Crash in audit log #313",billing,urgent
"Slow response from seat assignment #314",api,high
"Crash in usage report #315",reports,normal
"Broken link in usage report #316",mobile,high
"Broken link in seat assignment #317",auth,low
"Timeout on seat assignment #318",docs,normal
"Broken link in seat assignment #319",onboarding,normal
"Bad encoding in seat assignment #320",docs,low
"Timeout on monthly export #321",reports,urgent
"Missing field in SSO callback #322",onboarding,urgent
"Slow response from renewal flow #323",billing,normal
"Timeout on audit log #324",onboarding,low
"Timeout on usage report #325",mobile,normal
"Timeout on SSO callback #326",api,low
"Wrong total in monthly export #327",docs,high
"Bad encoding in monthly export #328",mobile,normal
"Timeout on audit log #329",api,high
"Wrong total in audit log #330",api,high
"Bad encoding in seat assignment #331",auth,high
"Slow response from seat assignment #332",auth,high
"Slow response from webhook retry #333",reports,high
"Timeout on webhook retry #334",auth,urgent
"Wrong total in invoice PDF #335",mobile,high
"Broken link in monthly export #336",onboarding,high
"Timeout on renewal flow #337",mobile,high
"Bad encoding in seat assignment #338",api,low
"Missing field in usage report #339",mobile,high
"Missing field in usage report #340",reports,normal
"Missing field in audit log #341",onboarding,low
"Broken link in webhook retry #342",auth,low
"Missing field in invoice PDF #343",reports,high
"Crash in renewal flow #344",mobile,low
"Wrong total in monthly export #345",reports,urgent
"Broken link in audit log #346",billing,normal
"Broken link in webhook retry #347",api,low
"Timeout on renewal flow #348",billing,high
"Missing field in SSO callback #349",api,high
"Slow response from webhook retry #350",docs,high
"Slow response from monthly export #351",auth,high
"Slow response from seat assignment #352",auth,normal
"Timeout on webhook retry #353",mobile,normal
"Broken link in SSO callback #354",billing,normal
"Bad encoding in invoice PDF #355",docs,high
"Timeout on renewal flow #356",mobile,high
"Slow response from seat assignment #357",api,urgent
"Wrong total in monthly export #358",billing,low
"Timeout on renewal flow #359",docs,normal
"Wrong total in monthly export #360",billing,low
"Timeout on webhook retry #361",auth,urgent
"Wrong total in usage report #362",onboarding,normal
"Slow response from invoice PDF #363",billing,high
"Crash in renewal flow #364",mobile,urgent
"Crash in renewal flow #365",docs,urgent
"Crash in seat assignment #366",billing,urgent
"Wrong total in webhook retry #367",billing,high
"Wrong total in renewal flow #368",billing,high
"Crash in invoice PDF #369",mobile,low
"Missing field in usage report #370",mobile,high
"Missing field in webhook retry #371",billing,low
"Wrong total in invoice PDF #372",auth,normal
"Wrong total in audit log #373",auth,urgent
"Missing field in webhook retry #374",docs,urgent
"Broken link in renewal flow #375",onboarding,low
"Broken link in webhook retry #376",api,high
"Bad encoding in webhook retry #377",docs,low
"Slow response from monthly export #378",auth,low
"Timeout on SSO callback #379",billing,normal
"Missing field in monthly export #380",mobile,low
"Timeout on renewal flow #381",auth,low
"Crash in SSO callback #382",mobile,low
"Timeout on audit log #383",auth,low
"Bad encoding in usage report #384",billing,normal
"Wrong total in webhook retry #385",billing,low
"Timeout on SSO callback #386",onboarding,high
"Broken link in SSO callback #387",auth,low
"Bad encoding in webhook retry #388",reports,high
"Missing field in usage report #389",reports,low
"Missing field in invoice PDF #390",reports,low
"Crash in audit log #391",reports,urgent
"Bad encoding in invoice PDF #392",api,low
"Bad encoding in usage report #393",billing,urgent
"Slow response from SSO callback #394",reports,urgent
"Crash in renewal flow #395",api,normal
"Crash in SSO callback #396",api,high
"Wrong total in usage report #397",billing,normal
"Missing field in renewal flow #398",billing,high
"Broken link in SSO callback #399",docs,normal
"Broken link in audit log #400",onboarding,high
"Slow response from monthly export #401",reports,normal
"Crash in webhook retry #402",docs,normal
"Timeout on SSO callback #403",docs,low
"Crash in audit log #404",reports,low
"Broken link in usage report #405",mobile,low
"Broken link in renewal flow #406",reports,normal
"Missing field in invoice PDF #407",docs,normal
"Broken link in webhook retry #408",docs,normal
"Slow response from renewal flow #409",reports,high
"Slow response from monthly export #410",onboarding,urgent
"Crash in audit log #411",auth,urgent
"Broken link in invoice PDF #412",api,normal
"Wrong total in audit log #413",docs,normal
"Slow response from webhook retry #414",reports,high
"Bad encoding in monthly export #415",mobile,normal
"Wrong total in audit log #416",api,high
"Wrong total in webhook retry #417",reports,normal
"Missing field in SSO callback #418",auth,low
"Wrong total in usage report #419",auth,normal
"Bad encoding in invoice PDF #420",mobile,high
"Broken link in invoice PDF #421",auth,low
"Crash in SSO callback #422",reports,normal
"Broken link in seat assignment #423",billing,low
"Broken link in usage report #424",mobile,normal
"Slow response from invoice PDF #425",docs,low
"Wrong total in invoice PDF #426",api,urgent
"Timeout on webhook retry #427",onboarding,urgent
"Crash in usage report #428",onboarding,normal
"Crash in webhook retry #429",mobile,normal
"Crash in SSO callback #430",docs,urgent
"Missing field in invoice PDF #431",mobile,low
"Broken link in webhook retry #432",onboarding,urgent
"Crash in monthly export #433",reports,urgent
"Broken link in seat assignment #434",billing,urgent
"Slow response from monthly export #435",mobile,high
"Bad encoding in renewal flow #436",docs,urgent
"Timeout on renewal flow #437",reports,normal
"Wrong total in webhook retry #438",api,high
"Timeout on seat assignment #439",api,normal
"Crash in seat assignment #440",api,low
"Crash in audit log #441",api,high
"Broken link in seat assignment #442",auth,normal
"Broken link in SSO callback #443",mobile,high
"Crash in renewal flow #444",reports,high
"Broken link in usage report #445",billing,low
"Timeout on usage report #446",docs,high
"Slow response from invoice PDF #447",billing,normal
"Missing field in usage report #448",api,normal
"Bad encoding in usage report #449",docs,normal
"Wrong total in monthly export #450",onboarding,low
"Bad encoding in webhook retry #451",docs,normal
"Bad encoding in monthly export #452",reports,urgent
"Broken link in invoice PDF #453",onboarding,normal
"Bad encoding in seat assignment #454",reports,normal
"Missing field in usage report #455",mobile,high
"Broken link in monthly export #456",docs,low
"Bad encoding in invoice PDF #457",reports,normal
"Crash in invoice PDF #458",reports,urgent
"Broken link in usage report #459",api,low
"Crash in audit log #460",auth,high
"Bad encoding in usage report #461",billing,low
"Bad encoding in audit log #462",onboarding,normal
"Slow response from audit log #463",mobile,low
"Crash in renewal flow #464",auth,low
"Crash in invoice PDF #465",reports,low
"Slow response from monthly export #466",onboarding,normal
"Wrong total in seat assignment #467",reports,normal
"Wrong total in usage report #468",onboarding,normal
"Slow response from SSO callback #469",mobile,high
"Wrong total in seat assignment #470",mobile,normal
"Slow response from SSO callback #471",mobile,urgent
"Crash in SSO callback #472",api,low
"Missing field in usage report #473",auth,normal
"Broken link in seat assignment #474",api,low
"Broken link in seat assignment #475",auth,urgent
"Wrong total in seat assignment #476",auth,low
"Wrong total in audit log #477",docs,urgent
"Crash in invoice PDF #478",onboarding,urgent
"Missing field in usage report #479",docs,low
"Wrong total in audit log #480",mobile,low
"Timeout on renewal flow #481",mobile,high
"Bad encoding in SSO callback #482",api,urgent
"Broken link in monthly export #483",billing,normal
"Crash in usage report #484",mobile,normal
"Missing field in SSO callback #485",onboarding,high
"Missing field in seat assignment #486",onboarding,normal
"Missing field in usage report #487",reports,urgent
"Missing field in renewal flow #488",onboarding,high
"Missing field in audit log #489",onboarding,urgent
"Broken link in audit log #490",api,high
"Bad encoding in audit log #491",auth,urgent
"Bad encoding in SSO callback #492",reports,normal
"Missing field in invoice PDF #493",auth,low
"Bad encoding in renewal flow #494",docs,urgent
"Slow response from renewal flow #495",docs,high
"Timeout on renewal flow #496",billing,normal
"Bad encoding in seat assignment #497",api,low
"Bad encoding in usage report #498",api,normal
"Crash in SSO callback #499",auth,low
"Crash in seat assignment #500",mobile,normal
"Timeout on monthly export #501",onboarding,low
"Broken link in SSO callback #502",mobile,low
"Missing field in monthly export #503",onboarding,high
"Slow response from invoice PDF #504",onboarding,high
"Wrong total in usage report #505",billing,high
"Timeout on usage report #506",api,low
"Broken link in renewal flow #507",onboarding,low
"Bad encoding in usage report #508",api,urgent
"Broken link in SSO callback #509",billing,urgent
"Slow response from monthly export #510",docs,urgent
"Slow response from SSO callback #511",billing,urgent
"Wrong total in monthly export #512",mobile,low
"Broken link in renewal flow #513",billing,low
"Bad encoding in SSO callback #514",auth,low
"Wrong total in seat assignment #515",billing,high
"Crash in webhook retry #516",docs,normal
"Timeout on audit log #517",onboarding,normal
"Crash in SSO callback #518",reports,urgent
"Broken link in invoice PDF #519",billing,low
"Timeout on renewal flow #520",billing,low
"Broken link in invoice PDF #521",reports,normal
"Bad encoding in seat assignment #522",api,low
"Missing field in audit log #523",api,urgent
"Broken link in monthly export #524",auth,low
"Missing field in monthly export #525",mobile,urgent
"Broken link in usage report #526",onboarding,urgent
"Missing field in audit log #527",reports,high
"Timeout on audit log #528",onboarding,low
"Bad encoding in monthly export #529",api,high
"Slow response from usage report #530",auth,urgent
"Broken link in usage report #531",api,normal
"Bad encoding in seat assignment #532",reports,low
"Missing field in invoice PDF #533",reports,urgent
"Wrong total in renewal flow #534",reports,normal
"Bad encoding in monthly export #535",reports,urgent
"Missing field in SSO callback #536",api,urgent
"Bad encoding in usage report #537",auth,normal
"Missing field in renewal flow #538",mobile,urgent
"Broken link in webhook retry #539",reports,low
"Bad encoding in usage report #540",docs,low
"Slow response from audit log #541",onboarding,low
"Wrong total in usage report #542",api,high
"Bad encoding in audit log #543",docs,normal
"Wrong total in webhook retry #544",auth,low
"Wrong total in invoice PDF #545",reports,high
"Broken link in monthly export #546",auth,low
"Broken link in audit log #547",onboarding,low
"Missing field in seat assignment #548",onboarding,low
"Wrong total in audit log #549",api,low
"Missing field in invoice PDF #550",api,low
"Timeout on renewal flow #551",auth,urgent
"Slow response from webhook retry #552",reports,high
"Broken link in SSO callback #553",docs,normal
"Missing field in renewal flow #554",reports,normal
"Wrong total in usage report #555",billing,low
"Timeout on renewal flow #556",api,high
"Bad encoding in seat assignment #557",docs,low
"Bad encoding in usage report #558",billing,low
"Missing field in audit log #559",api,normal
"Crash in SSO callback #560",mobile,urgent
"Wrong total in seat assignment #561",onboarding,normal
"Missing field in webhook retry #562",mobile,normal
"Wrong total in renewal flow #563",reports,high
"Timeout on renewal flow #564",onboarding,low
"Missing field in seat assignment #565",billing,low
"Wrong total in audit log #566",onboarding,low
"Wrong total in invoice PDF #567",api,urgent
"Bad encoding in SSO callback #568",docs,high
"Missing field in invoice PDF #569",docs,low
"Missing field in seat assignment #570",docs,normal
"Broken link in webhook retry #571",onboarding,normal
"Crash in renewal flow #572",docs,normal
"Bad encoding in renewal flow #573",auth,normal
"Timeout on audit log #574",mobile,normal
"Bad encoding in seat assignment #575",billing,urgent
"Bad encoding in renewal flow #576",mobile,low
"Broken link in audit log #577",reports,normal
"Broken link in SSO callback #578",mobile,high
"Wrong total in audit log #579",auth,low
"Wrong total in seat assignment #580",api,normal
"Broken link in monthly export #581",reports,urgent
"Broken link in webhook retry #582",auth,low
"Missing field in invoice PDF #583",reports,normal
"Missing field in seat assignment #584",billing,high
"Broken link in seat assignment #585",billing,normal
"Slow response from renewal flow #586",mobile,normal
"Slow response from seat assignment #587",onboarding,high
"Timeout on invoice PDF #588",onboarding,normal
"Missing field in usage report #589",reports,normal
"Wrong total in SSO callback #590",docs,high
"Broken link in monthly export #591",billing,high
"Wrong total in renewal flow #592",docs,high
"Slow response from monthly export #593",docs,low
"Bad encoding in invoice PDF #594",auth,high
"Broken link in renewal flow #595",docs,normal
"Missing field in monthly export #596",auth,normal
"Slow response from webhook retry #597",mobile,normal
"Wrong total in SSO callback #598",onboarding,low
"Slow response from seat assignment #599",onboarding,high
"Wrong total in webhook retry #600",auth,normal
"Slow response from invoice PDF #601",auth,low
"Timeout on usage report #602",onboarding,low
"Slow response from audit log #603",reports,high
"Bad encoding in seat assignment #604",billing,low
"Broken link in seat assignment #605",auth,high
"Wrong total in monthly export #606",api,high
"Timeout on monthly export #607",mobile,high
"Slow response from renewal flow #608",reports,urgent
"Slow response from SSO callback #609",billing,high
"Crash in webhook retry #610",onboarding,high
"Bad encoding in usage report #611",api,low
"Missing field in SSO callback #612",mobile,urgent
"Broken link in renewal flow #613",api,normal
"Timeout on webhook retry #614",billing,normal
"Slow response from monthly export #615",auth,low
"Missing field in invoice PDF #616",api,low
"Timeout on SSO callback #617",mobile,normal
"Missing field in renewal flow #618",onboarding,urgent
"Slow response from webhook retry #619",mobile,urgent
"Timeout on audit log #620",onboarding,low
"Crash in monthly export #621",billing,high
"Timeout on seat assignment #622",docs,high
"Timeout on SSO callback #623",billing,urgent
"Wrong total in webhook retry #624",onboarding,normal
"Wrong total in seat assignment #625",mobile,urgent
"Wrong total in renewal flow #626",mobile,urgent
"Crash in usage report #627",api,low
"Broken link in renewal flow #628",onboarding,high
"Missing field in usage report #629",auth,high
"Crash in usage report #630",onboarding,high
"Bad encoding in usage report #631",onboarding,low
"Missing field in monthly export #632",mobile,high
"Wrong total in usage report #633",mobile,low
"Missing field in SSO callback #634",api,normal
"Timeout on audit log #635",docs,normal
"Slow response from renewal flow #636",auth,normal
"Broken link in usage report #637",onboarding,urgent
"Crash in renewal flow #638",onboarding,low
"Timeout on invoice PDF #639",mobile,high
"Crash in renewal flow #640",api,low
"Missing field in SSO callback #641",api,low
"Broken link in webhook retry #642",billing,high
"Timeout on invoice PDF #643",reports,normal
"Timeout on renewal flow #644",api,high
"Timeout on seat assignment #645",api,normal
"Broken link in SSO callback #646",api,normal
"Missing field in usage report #647",api,high
"Missing field in webhook retry #648",mobile,low
"Crash in invoice PDF #649",onboarding,urgent
"Slow response from webhook retry #650",mobile,urgent
"Wrong total in audit log #651",docs,high
"Slow response from seat assignment #652",docs,high
"Timeout on webhook retry #653",reports,normal
"Wrong total in usage report #654",api,urgent
"Timeout on audit log #655",auth,normal
"Missing field in audit log #656",docs,high
"Missing field in webhook retry #657",reports,low
"Bad encoding in renewal flow #658",auth,low
"Slow response from audit log #659",docs,low
"Slow response from usage report #660",onboarding,urgent
"Missing field in SSO callback #661",api,normal
"Crash in monthly export #662",docs,high
"Crash in audit log #663",auth,normal
"Slow response from invoice PDF #664",onboarding,low
"Crash in seat assignment #665",reports,normal
"Broken link in SSO callback #666",billing,urgent
"Bad encoding in SSO callback #667",docs,urgent
"Slow response from monthly export #668",docs,high
"Bad encoding in SSO callback #669",docs,urgent
"Crash in seat assignment #670",reports,high
"Missing field in audit log #671",docs,urgent
"Crash in audit log #672",billing,urgent
"Broken link in seat assignment #673",reports,normal
"Slow response from invoice PDF #674",onboarding,normal
"Broken link in usage report #675",api,normal
"Timeout on audit log #676",reports,normal
"Missing field in webhook retry #677",docs,low
"Timeout on renewal flow #678",reports,urgent
"Missing field in invoice PDF #679",api,urgent
"Slow response from usage report #680",docs,urgent
"Missing field in renewal flow #681",api,high
"Broken link in renewal flow #682",mobile,low
"Slow response from webhook retry #683",billing,urgent
"Missing field in usage report #684",mobile,normal
"Wrong total in usage report #685",docs,urgent
"Broken link in audit log #686",mobile,low
"Wrong total in audit log #687",reports,high
"Timeout on invoice PDF #688",api,normal
"Timeout on invoice PDF #689",mobile,high
"Bad encoding in usage report #690",mobile,normal
"Slow response from invoice PDF #691",onboarding,normal
"Slow response from webhook retry #692",docs,normal
"Timeout on SSO callback #693",reports,low
"Crash in usage report #694",billing,low
"Missing field in renewal flow #695",reports,urgent
"Bad encoding in SSO callback #696",api,low
"Crash in renewal flow #697",auth,normal
"Broken link in invoice PDF #698",onboarding,normal
"Slow response from webhook retry #699",docs,low
"Wrong total in monthly export #700",api,low
"Timeout on SSO callback #701",billing,normal
"Slow response from seat assignment #702",onboarding,urgent
"Slow response from usage report #703",onboarding,low
"Crash in renewal flow #704",mobile,high
"Wrong total in webhook retry #705",reports,high
"Wrong total in renewal flow #706",reports,low
"Bad encoding in SSO callback #707",reports,normal
"Broken link in usage report #708",billing,low
"Wrong total in usage report #709",api,low
"Broken link in renewal flow #710",api,normal
"Wrong total in webhook retry #711",billing,normal
"Slow response from monthly export #712",reports,low
"Bad encoding in seat assignment #713",reports,urgent
"Slow response from invoice PDF #714",docs,low
"Wrong total in usage report #715",mobile,normal
"Broken link in invoice PDF #716",docs,urgent
"Timeout on webhook retry #717",billing,normal
"Wrong total in audit log #718",docs,normal
"Timeout on invoice PDF #719",docs,high
"Timeout on audit log #720",api,urgent
"Missing field in usage report #721",mobile,low
"Timeout on usage report #722",onboarding,high
"Slow response from webhook retry #723",docs,normal
"Broken link in invoice PDF #724",reports,normal
"Broken link in renewal flow #725",reports,low
"Missing field in monthly export #726",auth,normal
"Timeout on webhook retry #727",reports,normal
"Slow response from seat assignment #728",docs,normal
"Wrong total in audit log #729",reports,normal
"Crash in usage report #730",docs,normal
"Missing field in seat assignment #731",api,normal
"Wrong total in seat assignment #732",mobile,normal
"Crash in invoice PDF #733",api,urgent
"Slow response from audit log #734",api,normal
"Broken link in webhook retry #735",auth,low
"Crash in SSO callback #736",api,high
"Crash in usage report #737",billing,normal
"Missing field in renewal flow #738",docs,low
"Crash in monthly export #739",onboarding,normal
"Missing field in webhook retry #740",mobile,low
"Timeout on audit log #741",onboarding,high
"Wrong total in SSO callback #742",mobile,high
"Timeout on webhook retry #743",reports,normal
"Bad encoding in usage report #744",reports,high
"Broken link in seat assignment #745",onboarding,normal
"Missing field in monthly export #746",billing,high
"Crash in audit log #747",docs,low
"Crash in seat assignment #748",auth,urgent
"Missing field in SSO callback #749",auth,high
"Timeout on invoice PDF #750",api,normal
"Crash in renewal flow #751",docs,low
"Slow response from monthly export #752",docs,normal
"Bad encoding in invoice PDF #753",auth,urgent
"Crash in renewal flow #754",api,high
"Crash in monthly export #755",api,normal
"Slow response from seat assignment #756",mobile,high
"Broken link in audit log #757",billing,low
"Bad encoding in invoice PDF #758",billing,low
"Wrong total in SSO callback #759",billing,high
"Wrong total in audit log #760",mobile,low
"Broken link in usage report #761",mobile,normal
"Missing field in SSO callback #762",reports,urgent
"Broken link in audit log #763",mobile,urgent
"Slow response from renewal flow #764",mobile,normal
"Broken link in monthly export #765",docs,normal
"Timeout on invoice PDF #766",auth,normal
"Bad encoding in webhook retry #767",api,high
"Wrong total in renewal flow #768",auth,high
"Missing field in usage report #769",billing,normal
"Crash in invoice PDF #770",auth,normal
"Crash in seat assignment #771",mobile,urgent
"Wrong total in webhook retry #772",billing,urgent
"Wrong total in audit log #773",mobile,high
"Wrong total in monthly export #774",api,normal
"Missing field in SSO callback #775",api,urgent
"Bad encoding in monthly export #776",mobile,normal
"Slow response from seat assignment #777",onboarding,urgent
"Bad encoding in webhook retry #778",billing,high
"Timeout on audit log #779",docs,normal
"Timeout on renewal flow #780",reports,high
"Wrong total in SSO callback #781",mobile,high
"Broken link in SSO callback #782",auth,high
"Broken link in seat assignment #783",api,high
"Missing field in monthly export #784",api,low
"Timeout on renewal flow #785",docs,urgent
"Timeout on audit log #786",mobile,high
"Timeout on seat assignment #787",docs,urgent
"Wrong total in audit log #788",billing,high
"Timeout on invoice PDF #789",mobile,high
"Crash in webhook retry #790",billing,normal
"Crash in renewal flow #791",billing,urgent
"Bad encoding in monthly export #792",reports,high
"Wrong total in monthly export #793",billing,high
"Crash in audit log #794",docs,normal
"Crash in audit log #795",reports,normal
"Missing field in monthly export #796",api,high
"Bad encoding in invoice PDF #797",auth,low
"Timeout on SSO callback #798",api,urgent
"Timeout on webhook retry #799",docs,urgent
"Broken link in monthly export #800",reports,low
"Wrong total in webhook retry #801",auth,normal
"Broken link in usage report #802",billing,low
"Bad encoding in seat assignment #803",docs,normal
"Wrong total in audit log #804",billing,low
"Bad encoding in usage report #805",auth,high
"Timeout on renewal flow #806",api,urgent
"Missing field in SSO callback #807",docs,low
"Crash in monthly export #808",mobile,normal
"Broken link in invoice PDF #809",billing,urgent
"Bad encoding in audit log #810",api,normal
"Broken link in SSO callback #811",api,high
"Slow response from seat assignment #812",docs,normal
"Broken link in SSO callback #813",onboarding,low
"Crash in audit log #814",api,high
"Slow response from usage report #815",reports,urgent
"Crash in monthly export #816",reports,high
"Slow response from renewal flow #817",onboarding,normal
"Wrong total in seat assignment #818",mobile,low
"Wrong total in audit log #819",api,urgent
"Missing field in webhook retry #820",api,urgent
"Broken link in invoice PDF #821",billing,normal
"Wrong total in webhook retry #822",api,low
"Wrong total in invoice PDF #823",mobile,low
"Wrong total in invoice PDF #824",mobile,urgent
"Wrong total in seat assignment #825",auth,low
"Crash in SSO callback #826",onboarding,urgent
"Crash in SSO callback #827",onboarding,urgent
"Wrong total in SSO callback #828",mobile,low
"Broken link in usage report #829",api,normal
"Wrong total in seat assignment #830",onboarding,low
"Wrong total in audit log #831",onboarding,low
"Broken link in webhook retry #832",billing,high
"Timeout on renewal flow #833",mobile,normal
"Broken link in invoice PDF #834",billing,normal
"Broken link in SSO callback #835",api,normal
"Slow response from SSO callback #836",mobile,high
"Wrong total in audit log #837",mobile,high
"Bad encoding in renewal flow #838",onboarding,high
"Timeout on webhook retry #839",reports,high
"Crash in seat assignment #840",billing,high
"Timeout on audit log #841",api,high
"Bad encoding in SSO callback #842",billing,normal
"Missing field in audit log #843",auth,urgent
"Timeout on seat assignment #844",billing,low
"Broken link in SSO callback #845",billing,high
"Wrong total in monthly export #846",api,high
"Bad encoding in usage report #847",onboarding,normal
"Slow response from invoice PDF #848",api,high
"Broken link in renewal flow #849",billing,high
"Wrong total in seat assignment #850",api,urgent
"Bad encoding in renewal flow #851",onboarding,low
"Timeout on monthly export #852",api,urgent
"Bad encoding in seat assignment #853",auth,urgent
"Broken link in webhook retry #854",onboarding,low
"Missing field in audit log #855",api,normal
"Missing field in monthly export #856",api,low
"Wrong total in monthly export #857",onboarding,high
"Crash in seat assignment #858",reports,urgent
"Broken link in audit log #859",reports,low
"Missing field in seat assignment #860",reports,normal
"Timeout on webhook retry #861",docs,low
"Crash in monthly export #862",mobile,normal
"Missing field in usage report #863",reports,low
"Slow response from invoice PDF #864",reports,normal
"Crash in renewal flow #865",api,low
"Bad encoding in webhook retry #866",onboarding,urgent
"Crash in SSO callback #867",reports,high
"Bad encoding in webhook retry #868",onboarding,normal
"Crash in SSO callback #869",reports,high
"Crash in audit log #870",api,normal
"Missing field in usage report #871",reports,low
"Crash in audit log #872",mobile,high
"Bad encoding in seat assignment #873",api,high
"Wrong total in webhook retry #874",reports,normal
"Wrong total in webhook retry #875",billing,urgent
"Broken link in seat assignment #876",docs,high
"Wrong total in SSO callback #877",auth,high
"Crash in invoice PDF #878",reports,high
"Timeout on webhook retry #879",api,low
"Slow response from monthly export #880",reports,high
"Broken link in audit log #881",onboarding,urgent
"Crash in SSO callback #882",onboarding,urgent
"Missing field in monthly export #883",reports,high
"Slow response from renewal flow #884",onboarding,normal
"Crash in invoice PDF #885",auth,low
"Wrong total in renewal flow #886",docs,urgent
"Wrong total in invoice PDF #887",onboarding,low
"Wrong total in webhook retry #888",mobile,low
"Wrong total in renewal flow #889",billing,low
"Bad encoding in audit log #890",mobile,normal
"Timeout on webhook retry #891",reports,low
"Crash in audit log #892",billing,normal
"Missing field in audit log #893",onboarding,low
"Crash in seat assignment #894",docs,high
"Wrong total in renewal flow #895",onboarding,urgent
"Bad encoding in renewal flow #896",billing,high
"Bad encoding in seat assignment #897",api,urgent
"Missing field in seat assignment #898",onboarding,low
"Timeout on audit log #899",api,high
"Timeout on usage report #900",api,high
"Wrong total in SSO callback #901",billing,normal
"Wrong total in monthly export #902",api,low
"Missing field in audit log #903",docs,high
"Slow response from monthly export #904",mobile,high
"Wrong total in invoice PDF #905",onboarding,urgent
"Bad encoding in renewal flow #906",onboarding,high
"Crash in seat assignment #907",api,high
"Missing field in invoice PDF #908",auth,high
"Timeout on seat assignment #909",billing,high
"Wrong total in webhook retry #910",docs,low
"Timeout on monthly export #911",billing,low
"Slow response from webhook retry #912",api,normal
"Missing field in audit log #913",mobile,normal
"Wrong total in monthly export #914",api,low
"Missing field in webhook retry #915",docs,urgent
"Wrong total in audit log #916",onboarding,urgent
"Broken link in webhook retry #917",reports,low
"Timeout on renewal flow #918",billing,urgent
"Crash in audit log #919",billing,normal
"Slow response from usage report #920",docs,urgent
"Crash in webhook retry #921",billing,high
"Timeout on invoice PDF #922",mobile,urgent
"Wrong total in webhook retry #923",reports,normal
"Missing field in usage report #924",mobile,high
"Missing field in seat assignment #925",auth,normal
"Broken link in invoice PDF #926",onboarding,normal
"Bad encoding in invoice PDF #927",reports,low
"Missing field in renewal flow #928",docs,normal
"Wrong total in audit log #929",mobile,urgent
"Wrong total in renewal flow #930",onboarding,normal
"Bad encoding in audit log #931",billing,urgent
"Wrong total in usage report #932",onboarding,normal
"Missing field in renewal flow #933",onboarding,low
"Wrong total in renewal flow #934",auth,high
"Wrong total in audit log #935",billing,normal
"Broken link in usage report #936",billing,urgent
"Missing field in usage report #937",reports,low
"Slow response from webhook retry #938",auth,low
"Timeout on monthly export #939",api,normal
"Slow response from usage report #940",mobile,low
"Crash in renewal flow #941",billing,high
"Timeout on SSO callback #942",billing,urgent
"Wrong total in usage report #943",billing,normal
"Wrong total in monthly export #944",mobile,low
"Slow response from audit log #945",onboarding,urgent
"Timeout on audit log #946",auth,normal
"Crash in SSO callback #947",reports,normal
"Timeout on invoice PDF #948",reports,low
"Timeout on webhook retry #949",api,low
"Broken link in audit log #950",reports,low
"Missing field in renewal flow #951",mobile,urgent
"Slow response from invoice PDF #952",api,high
"Crash in usage report #953",onboarding,high
"Broken link in usage report #954",reports,urgent
"Broken link in monthly export #955",docs,urgent
"Broken link in monthly export #956",mobile,low
"Wrong total in invoice PDF #957",mobile,urgent
"Wrong total in webhook retry #958",mobile,low
"Timeout on renewal flow #959",mobile,low
"Broken link in audit log #960",mobile,urgent
"Slow response from audit log #961",docs,low
"Broken link in seat assignment #962",api,high
"Slow response from usage report #963",auth,urgent
"Missing field in SSO callback #964",docs,high
"Slow response from audit log #965",billing,normal
"Slow response from invoice PDF #966",reports,urgent
"Bad encoding in audit log #967",api,urgent
"Slow response from webhook retry #968",auth,low
"Bad encoding in audit log #969",api,normal
"Slow response from monthly export #970",onboarding,high
"Wrong total in monthly export #971",auth,urgent
"Wrong total in renewal flow #972",reports,urgent
"Missing field in usage report #973",billing,urgent
"Wrong total in invoice PDF #974",docs,low
"Missing field in audit log #975",mobile,high
"Broken link in SSO callback #976",reports,urgent
"Missing field in seat assignment #977",mobile,low
"Broken link in seat assignment #978",mobile,normal
"Bad encoding in monthly export #979",billing,normal
"Missing field in seat assignment #980",api,normal
"Slow response from audit log #981",api,high
"Bad encoding in usage report #982",reports,low
"Slow response from webhook retry #983",billing,high
"Timeout on monthly export #984",reports,high
"Missing field in invoice PDF #985",auth,high
"Bad encoding in seat assignment #986",billing,urgent
"Bad encoding in SSO callback #987",auth,normal
"Broken link in invoice PDF #988",api,high
"Timeout on seat assignment #989",docs,high
"Timeout on invoice PDF #990",docs,urgent
"Crash in invoice PDF #991",reports,normal
"Broken link in monthly export #992",api,normal
"Bad encoding in audit log #993",billing,normal
"Missing field in SSO callback #994",billing,urgent
"Broken link in usage report #995",api,urgent
"Broken link in renewal flow #996",billing,urgent
"Broken link in usage report #997",docs,urgent
"Wrong total in SSO callback #998",docs,urgent
"Broken link in monthly export #999",api,low
"Crash in webhook retry #1000",mobile,normal
"Broken link in renewal flow #1001",mobile,high
"Slow response from audit log #1002",onboarding,urgent
"Bad encoding in seat assignment #1003",billing,low
"Wrong total in SSO callback #1004",api,low
"Timeout on seat assignment #1005",billing,normal
"Slow response from seat assignment #1006",billing,normal
"Crash in audit log #1007",docs,low
"Slow response from usage report #1008",onboarding,normal
"Broken link in renewal flow #1009",onboarding,normal
"Missing field in audit log #1010",auth,low
"Wrong total in invoice PDF #1011",api,high
"Timeout on audit log #1012",docs,high
"Crash in invoice PDF #1013",api,urgent
"Slow response from usage report #1014",mobile,low
"Missing field in invoice PDF #1015",auth,urgent
"Bad encoding in usage report #1016",onboarding,high
"Missing field in webhook retry #1017",auth,low
"Wrong total in audit log #1018",docs,urgent
"Crash in monthly export #1019",reports,high
"Wrong total in seat assignment #1020",mobile,low
"Crash in audit log #1021",billing,low
"Broken link in audit log #1022",billing,high
"Wrong total in seat assignment #1023",reports,normal
"Crash in webhook retry #1024",onboarding,urgent
"Broken link in seat assignment #1025",auth,normal
"Timeout on monthly export #1026",docs,low
"Timeout on monthly export #1027",onboarding,low
"Bad encoding in seat assignment #1028",auth,low
"Crash in monthly export #1029",docs,normal
"Crash in invoice PDF #1030",onboarding,normal
"Slow response from monthly export #1031",auth,normal
"Slow response from SSO callback #1032",docs,low
"Wrong total in SSO callback #1033",billing,urgent
"Wrong total in invoice PDF #1034",mobile,urgent
"Crash in usage report #1035",auth,low
"Crash in monthly export #1036",billing,normal
"Bad encoding in seat assignment #1037",reports,normal
"Bad encoding in audit log #1038",mobile,normal
"Missing field in invoice PDF #1039",reports,normal
"Wrong total in webhook retry #1040",docs,low
"Missing field in usage report #1041",auth,high
"Wrong total in SSO callback #1042",auth,urgent
"Wrong total in monthly export #1043",docs,high
"Crash in usage report #1044",billing,low
"Bad encoding in audit log #1045",billing,normal
"Crash in SSO callback #1046",reports,urgent
"Missing field in renewal flow #1047",onboarding,urgent
"Timeout on webhook retry #1048",docs,high
"Bad encoding in invoice PDF #1049",api,low
"Wrong total in monthly export #1050",docs,high
"Bad encoding in webhook retry #1051",api,high
"Timeout on SSO callback #1052",billing,high
"Wrong total in monthly export #1053",mobile,high
"Timeout on monthly export #1054",reports,high
"Broken link in seat assignment #1055",auth,high
"Crash in audit log #1056",auth,low
"Bad encoding in invoice PDF #1057",onboarding,low
"Crash in seat assignment #1058",billing,low
"Bad encoding in monthly export #1059",api,urgent
"Broken link in renewal flow #1060",billing,low
"Slow response from SSO callback #1061",docs,normal
"Broken link in audit log #1062",billing,high
"Crash in monthly export #1063",reports,normal
"Crash in SSO callback #1064",reports,low
"Bad encoding in seat assignment #1065",reports,normal
"Missing field in SSO callback #1066",billing,normal
"Timeout on monthly export #1067",docs,high
"Slow response from SSO callback #1068",reports,urgent
"Wrong total in monthly export #1069",api,low
"Slow response from invoice PDF #1070",reports,normal
"Missing field in usage report #1071",api,normal
"Wrong total in webhook retry #1072",mobile,normal
"Timeout on renewal flow #1073",billing,low
"Broken link in webhook retry #1074",mobile,normal
"Timeout on monthly export #1075",auth,high
"Timeout on usage report #1076",docs,low
"Missing field in SSO callback #1077",billing,normal
"Wrong total in webhook retry #1078",api,low
"Bad encoding in webhook retry #1079",billing,high
"Timeout on renewal flow #1080",auth,normal
"Bad encoding in invoice PDF #1081",reports,low
"Bad encoding in seat assignment #1082",api,normal
"Timeout on audit log #1083",docs,urgent
"Timeout on SSO callback #1084",onboarding,normal
"Wrong total in monthly export #1085",auth,high
"Bad encoding in monthly export #1086",auth,normal
"Wrong total in audit log #1087",mobile,low
"Timeout on seat assignment #1088",billing,urgent
"Slow response from audit log #1089",billing,low
"Wrong total in renewal flow #1090",onboarding,high
"Bad encoding in usage report #1091",billing,high
"Slow response from monthly export #1092",onboarding,urgent
"Crash in seat assignment #1093",auth,high
"Bad encoding in invoice PDF #1094",billing,urgent
"Bad encoding in monthly export #1095",docs,urgent
"Bad encoding in invoice PDF #1096",mobile,low
"Timeout on invoice PDF #1097",onboarding,normal
"Wrong total in webhook retry #1098",api,urgent
"Slow response from webhook retry #1099",docs,low
"Broken link in usage report #1100",onboarding,high
"Bad encoding in usage report #1101",docs,low
"Wrong total in audit log #1102",mobile,urgent
"Bad encoding in invoice PDF #1103",billing,high
"Broken link in renewal flow #1104",billing,urgent
"Broken link in usage report #1105",api,high
"Broken link in monthly export #1106",reports,normal
"Timeout on audit log #1107",docs,urgent
"Slow response from renewal flow #1108",reports,high
"Timeout on invoice PDF #1109",auth,urgent
"Broken link in webhook retry #1110",billing,normal
"Crash in renewal flow #1111",docs,normal
"Broken link in invoice PDF #1112",reports,normal
"Missing field in monthly export #1113",auth,high
"Bad encoding in usage report #1114",reports,urgent
"Missing field in webhook retry #1115",onboarding,normal
"Broken link in renewal flow #1116",billing,normal
"Timeout on webhook retry #1117",docs,high
"Crash in audit log #1118",mobile,low
"Slow response from usage report #1119",auth,high
"Crash in usage report #1120",billing,high
"Broken link in invoice PDF #1121",reports,high
"Missing field in usage report #1122",api,low
"Crash in seat assignment #1123",docs,high
"Crash in renewal flow #1124",billing,low
"Slow response from usage report #1125",docs,high
"Bad encoding in monthly export #1126",mobile,urgent
"Timeout on audit log #1127",docs,normal
"Timeout on invoice PDF #1128",auth,normal
"Slow response from renewal flow #1129",docs,normal
"Crash in invoice PDF #1130",mobile,normal
"Missing field in renewal flow #1131",docs,urgent
"Crash in SSO callback #1132",onboarding,urgent
"Broken link in audit log #1133",mobile,high
"Missing field in monthly export #1134",onboarding,urgent
"Bad encoding in renewal flow #1135",onboarding,high
"Wrong total in webhook retry #1136",api,low
"Wrong total in invoice PDF #1137",mobile,normal
"Crash in invoice PDF #1138",billing,high
"Broken link in audit log #1139",mobile,normal
"Missing field in invoice PDF #1140",docs,normal
"Slow response from audit log #1141",docs,urgent
"Timeout on invoice PDF #1142",reports,urgent
"Missing field in usage report #1143",onboarding,urgent
"Missing field in SSO callback #1144",auth,urgent
"Slow response from usage report #1145",mobile,normal
"Bad encoding in audit log #1146",billing,normal
"Missing field in seat assignment #1147",mobile,urgent
"Bad encoding in SSO callback #1148",reports,urgent
"Missing field in usage report #1149",api,high
"Bad encoding in SSO callback #1150",reports,urgent
"Bad encoding in renewal flow #1151",billing,high
"Missing field in audit log #1152",reports,normal
"Timeout on SSO callback #1153",onboarding,urgent
"Bad encoding in SSO callback #1154",reports,normal
"Crash in monthly export #1155",mobile,low
"Bad encoding in usage report #1156",docs,high
"Broken link in usage report #1157",docs,high
"Missing field in monthly export #1158",mobile,normal
"Slow response from usage report #1159",mobile,high
"Wrong total in webhook retry #1160",reports,low
"Broken link in SSO callback #1161",api,low
"Bad encoding in webhook retry #1162",api,urgent
"Broken link in webhook retry #1163",api,high
"Bad encoding in monthly export #1164",auth,normal
"Crash in webhook retry #1165",api,low
"Missing field in renewal flow #1166",mobile,urgent
"Missing field in monthly export #1167",mobile,urgent
"Slow response from invoice PDF #1168",mobile,low
"Bad encoding in invoice PDF #1169",api,normal
"Wrong total in invoice PDF #1170",billing,high
"Crash in SSO callback #1171",reports,low
"Crash in SSO callback #1172",billing,high
"Wrong total in renewal flow #1173",docs,normal
"Broken link in invoice PDF #1174",api,low
"Broken link in renewal flow #1175",billing,urgent
"Timeout on seat assignment #1176",auth,high
"Crash in audit log #1177",reports,normal
"Wrong total in webhook retry #1178",reports,low
"Wrong total in monthly export #1179",billing,high
"Broken link in audit log #1180",billing,high
"Crash in SSO callback #1181",api,low
"Broken link in usage report #1182",api,urgent
"Wrong total in renewal flow #1183",onboarding,high
"Slow response from audit log #1184",mobile,high
"Timeout on seat assignment #1185",api,normal
"Broken link in seat assignment #1186",mobile,urgent
"Wrong total in audit log #1187",api,normal
"Timeout on usage report #1188",auth,high
"Bad encoding in webhook retry #1189",billing,low
"Broken link in webhook retry #1190",onboarding,normal
"Bad encoding in invoice PDF #1191",auth,high
"Crash in renewal flow #1192",mobile,low
"Timeout on audit log #1193",auth,urgent
"Timeout on invoice PDF #1194",api,high
"Crash in monthly export #1195",api,high
"Missing field in invoice PDF #1196",billing,low
"Crash in monthly export #1197",mobile,high
"Broken link in renewal flow #1198",onboarding,urgent
"Bad encoding in SSO callback #1199",reports,low
"Bad encoding in monthly export #1200",reports,urgent
"Broken link in SSO callback #1201",reports,high
"Broken link in monthly export #1202",onboarding,low
"Slow response from invoice PDF #1203",api,urgent
"Wrong total in audit log #1204",reports,low
"Wrong total in invoice PDF #1205",onboarding,urgent
"Bad encoding in usage report #1206",auth,urgent
"Wrong total in monthly export #1207",billing,low
"Wrong total in usage report #1208",billing,low
"Bad encoding in SSO callback #1209",docs,low
"Wrong total in SSO callback #1210",onboarding,high
"Missing field in seat assignment #1211",docs,normal
"Timeout on webhook retry #1212",auth,high
"Broken link in SSO callback #1213",billing,normal
"Wrong total in seat assignment #1214",docs,urgent
"Bad encoding in SSO callback #1215",api,low
"Bad encoding in seat assignment #1216",auth,urgent
"Crash in webhook retry #1217",mobile,urgent
"Crash in seat assignment #1218",api,normal
"Timeout on seat assignment #1219",api,urgent
"Timeout on webhook retry #1220",onboarding,normal
"Timeout on usage report #1221",api,normal
"Crash in renewal flow #1222",auth,low
"Wrong total in renewal flow #1223",billing,urgent
"Timeout on usage report #1224",auth,normal
"Bad encoding in renewal flow #1225",api,urgent
"Missing field in renewal flow #1226",auth,urgent
"Timeout on seat assignment #1227",onboarding,low
"Bad encoding in SSO callback #1228",auth,normal
"Bad encoding in monthly export #1229",api,high
"Timeout on usage report #1230",billing,low
"Bad encoding in renewal flow #1231",api,low
"Slow response from SSO callback #1232",mobile,low
"Crash in invoice PDF #1233",docs,urgent
"Crash in renewal flow #1234",api,normal
"Timeout on monthly export #1235",onboarding,urgent
"Wrong total in SSO callback #1236",mobile,normal
"Crash in usage report #1237",billing,low
"Slow response from audit log #1238",mobile,low
"Timeout on webhook retry #1239",onboarding,low
"Timeout on audit log #1240",reports,high
"Missing field in invoice PDF #1241",auth,urgent
"Slow response from audit log #1242",onboarding,normal
"Timeout on SSO callback #1243",billing,low
"Timeout on webhook retry #1244",api,urgent
"Broken link in usage report #1245",api,normal
"Bad encoding in SSO callback #1246",billing,low
"Crash in renewal flow #1247",mobile,normal
"Bad encoding in usage report #1248",onboarding,low
"Wrong total in invoice PDF #1249",docs,high
"Crash in monthly export #1250",reports,high
"Bad encoding in audit log #1251",billing,high
"Broken link in SSO callback #1252",auth,urgent
"Wrong total in seat assignment #1253",onboarding,high
"Missing field in webhook retry #1254",billing,urgent
"Slow response from renewal flow #1255",reports,normal
"Slow response from audit log #1256",onboarding,high
"Timeout on webhook retry #1257",reports,low
"Slow response from monthly export #1258",billing,low
"Bad encoding in audit log #1259",docs,high
"Missing field in SSO callback #1260",api,low
"Broken link in monthly export #1261",auth,low
"Crash in webhook retry #1262",docs,low
"Crash in webhook retry #1263",auth,high
"Bad encoding in renewal flow #1264",mobile,high
"Broken link in SSO callback #1265",auth,urgent
"Slow response from monthly export #1266",mobile,high
"Bad encoding in usage report #1267",auth,high
"Missing field in renewal flow #1268",billing,normal
"Crash in invoice PDF #1269",api,normal
"Crash in SSO callback #1270",api,low
"Crash in usage report #1271",reports,low
"Timeout on SSO callback #1272",api,low
"Timeout on audit log #1273",billing,normal
"Slow response from SSO callback #1274",mobile,urgent
"Crash in invoice PDF #1275",onboarding,urgent
"Wrong total in SSO callback #1276",reports,high
"Broken link in usage report #1277",mobile,normal
"Broken link in SSO callback #1278",onboarding,urgent
"Missing field in audit log #1279",onboarding,normal
"Timeout on usage report #1280",onboarding,normal
"Timeout on webhook retry #1281",onboarding,high
"Crash in audit log #1282",reports,low
"Bad encoding in webhook retry #1283",billing,low
"Wrong total in invoice PDF #1284",mobile,high
"Wrong total in renewal flow #1285",auth,urgent
"Timeout on renewal flow #1286",docs,high
"Crash in SSO callback #1287",api,normal
"Timeout on SSO callback #1288",reports,low
"Missing field in monthly export #1289",reports,high
"Slow response from monthly export #1290",auth,high
"Bad encoding in invoice PDF #1291",reports,high
"Wrong total in SSO callback #1292",onboarding,normal
"Bad encoding in monthly export #1293",reports,urgent
"Bad encoding in renewal flow #1294",auth,normal
"Wrong total in usage report #1295",onboarding,high
"Wrong total in seat assignment #1296",reports,low
"Timeout on SSO callback #1297",mobile,urgent
"Bad encoding in audit log #1298",auth,high
"Timeout on seat assignment #1299",docs,urgent
"Timeout on SSO callback #1300",docs,urgent
"Timeout on usage report #1301",billing,urgent
"Broken link in monthly export #1302",auth,urgent
"Broken link in renewal flow #1303",billing,normal
"Timeout on invoice PDF #1304",reports,urgent
"Broken link in webhook retry #1305",reports,low
"Timeout on webhook retry #1306",docs,normal
"Slow response from usage report #1307",billing,low
"Broken link in renewal flow #1308",auth,normal
"Slow response from audit log #1309",auth,low
"Timeout on seat assignment #1310",reports,urgent
"Broken link in monthly export #1311",billing,urgent
"Crash in audit log #1312",billing,normal
"Missing field in audit log #1313",billing,low
"Crash in seat assignment #1314",docs,high
"Wrong total in renewal flow #1315",mobile,low
"Crash in seat assignment #1316",mobile,low
"Slow response from webhook retry #1317",onboarding,urgent
"Crash in monthly export #1318",mobile,high
"Wrong total in usage report #1319",onboarding,high
"Crash in renewal flow #1320",onboarding,high
"Crash in monthly export #1321",mobile,normal
"Timeout on seat assignment #1322",mobile,low
"Broken link in webhook retry #1323",onboarding,low
"Missing field in seat assignment #1324",auth,normal
"Missing field in audit log #1325",api,normal
"Timeout on usage report #1326",billing,normal
"Timeout on audit log #1327",docs,normal
"Timeout on seat assignment #1328",reports,urgent
"Crash in webhook retry #1329",api,normal
"Wrong total in seat assignment #1330",auth,high
"Bad encoding in seat assignment #1331",reports,normal
"Bad encoding in audit log #1332",billing,urgent
"Wrong total in audit log #1333",docs,low
"Slow response from audit log #1334",onboarding,normal
"Wrong total in renewal flow #1335",auth,high
"Slow response from seat assignment #1336",docs,urgent
"Wrong total in invoice PDF #1337",auth,low
"Missing field in usage report #1338",auth,normal
"Slow response from monthly export #1339",api,high
"Bad encoding in renewal flow #1340",auth,normal
"Broken link in monthly export #1341",billing,urgent
"Bad encoding in usage report #1342",reports,normal
"Bad encoding in monthly export #1343",mobile,high
"Crash in usage report #1344",billing,low
"Broken link in SSO callback #1345",billing,high
"Timeout on invoice PDF #1346",onboarding,normal
"Bad encoding in monthly export #1347",docs,low
"Slow response from usage report #1348",onboarding,high
"Bad encoding in SSO callback #1349",docs,normal
"Broken link in audit log #1350",api,normal
"Broken link in SSO callback #1351",api,high
"Slow response from usage report #1352",auth,high
"Crash in webhook retry #1353",docs,high
"Slow response from invoice PDF #1354",mobile,low
"Crash in renewal flow #1355",api,urgent
"Wrong total in audit log #1356",onboarding,low
"Broken link in seat assignment #1357",reports,normal
"Broken link in audit log #1358",onboarding,normal
"Broken link in SSO callback #1359",auth,urgent
"Broken link in monthly export #1360",mobile,normal
"Missing field in audit log #1361",docs,urgent
"Bad encoding in audit log #1362",auth,normal
"Crash in webhook retry #1363",reports,low
"Timeout on monthly export #1364",docs,urgent
"Crash in SSO callback #1365",docs,urgent
"Missing field in audit log #1366",reports,urgent
"Missing field in monthly export #1367",onboarding,urgent
"Crash in renewal flow #1368",mobile,normal
"Broken link in audit log #1369",billing,high
"Bad encoding in webhook retry #1370",mobile,normal
"Crash in webhook retry #1371",reports,high
"Crash in invoice PDF #1372",auth,low
"Slow response from seat assignment #1373",onboarding,low
"Wrong total in renewal flow #1374",api,urgent
"Crash in invoice PDF #1375",billing,low
"Bad encoding in renewal flow #1376",onboarding,normal
"Timeout on webhook retry #1377",billing,normal
"Wrong total in monthly export #1378",reports,normal
"Timeout on renewal flow #1379",billing,low
"Timeout on webhook retry #1380",auth,urgent
"Missing field in SSO callback #1381",api,high
"Missing field in invoice PDF #1382",docs,urgent
"Bad encoding in invoice PDF #1383",reports,low
"Timeout on invoice PDF #1384",auth,high
"Timeout on SSO callback #1385",api,low
"Crash in invoice PDF #1386",auth,high
"Missing field in seat assignment #1387",auth,normal
"Slow response from renewal flow #1388",onboarding,normal
"Bad encoding in usage report #1389",docs,high
"Crash in renewal flow #1390",auth,high
"Bad encoding in SSO callback #1391",onboarding,urgent
"Timeout on SSO callback #1392",api,normal
"Wrong total in seat assignment #1393",onboarding,urgent
"Bad encoding in webhook retry #1394",api,low
"Bad encoding in seat assignment #1395",api,urgent
"Wrong total in renewal flow #1396",auth,normal
"Timeout on seat assignment #1397",auth,high
"Slow response from usage report #1398",api,high
"Crash in renewal flow #1399",billing,normal
"Crash in renewal flow #1400",auth,high
"Wrong total in seat assignment #1401",api,normal
"Wrong total in webhook retry #1402",reports,high
"Wrong total in monthly export #1403",billing,normal
"Broken link in audit log #1404",onboarding,high
"Broken link in audit log #1405",api,high
"Timeout on audit log #1406",billing,high
"Timeout on audit log #1407",api,normal
"Wrong total in monthly export #1408",mobile,normal
"Broken link in renewal flow #1409",auth,high
"Timeout on audit log #1410",mobile,urgent
"Slow response from invoice PDF #1411",onboarding,low
"Timeout on SSO callback #1412",api,urgent
"Broken link in seat assignment #1413",billing,high
"Bad encoding in webhook retry #1414",docs,high
"Bad encoding in seat assignment #1415",mobile,urgent
"Bad encoding in audit log #1416",api,urgent
"Bad encoding in audit log #1417",api,low
"Timeout on seat assignment #1418",billing,high
"Wrong total in renewal flow #1419",onboarding,normal
"Timeout on seat assignment #1420",mobile,low
"Missing field in SSO callback #1421",onboarding,high
"Broken link in SSO callback #1422",auth,urgent
"Crash in SSO callback #1423",mobile,low
"Timeout on invoice PDF #1424",onboarding,normal
"Slow response from SSO callback #1425",mobile,low
"Missing field in monthly export #1426",onboarding,urgent
"Wrong total in webhook retry #1427",auth,urgent
"Bad encoding in usage report #1428",mobile,high
"Missing field in SSO callback #1429",auth,urgent
"Slow response from SSO callback #1430",billing,high
"Crash in usage report #1431",docs,normal
"Wrong total in invoice PDF #1432",onboarding,urgent
"Broken link in webhook retry #1433",mobile,normal
"Crash in webhook retry #1434",docs,low
"Bad encoding in audit log #1435",onboarding,normal
"Timeout on invoice PDF #1436",api,urgent
"Bad encoding in monthly export #1437",onboarding,high
"Missing field in monthly export #1438",mobile,high
"Crash in webhook retry #1439",mobile,urgent
"Timeout on renewal flow #1440",onboarding,normal
"Slow response from audit log #1441",billing,high
"Slow response from renewal flow #1442",billing,high
"Wrong total in audit log #1443",onboarding,high
"Missing field in invoice PDF #1444",reports,high
"Broken link in usage report #1445",reports,low
"Wrong total in renewal flow #1446",mobile,urgent
"Bad encoding in webhook retry #1447",onboarding,low
"Crash in monthly export #1448",onboarding,normal
"Bad encoding in invoice PDF #1449",reports,high
"Broken link in usage report #1450",onboarding,high
"Wrong total in webhook retry #1451",api,high
"Crash in renewal flow #1452",reports,normal
"Bad encoding in audit log #1453",onboarding,normal
"Bad encoding in renewal flow #1454",onboarding,urgent
"Missing field in seat assignment #1455",onboarding,urgent
"Bad encoding in webhook retry #1456",mobile,high
"Missing field in webhook retry #1457",billing,low
"Timeout on audit log #1458",billing,low
"Wrong total in audit log #1459",billing,low
"Broken link in renewal flow #1460",auth,urgent
"Crash in usage report #1461",reports,urgent
"Broken link in invoice PDF #1462",mobile,urgent
"Missing field in audit log #1463",mobile,high
"Crash in audit log #1464",api,low
"Slow response from SSO callback #1465",docs,urgent
"Broken link in renewal flow #1466",mobile,normal
"Wrong total in webhook retry #1467",reports,high
"Crash in SSO callback #1468",mobile,low
"Broken link in usage report #1469",billing,normal
"Broken link in SSO callback #1470",auth,high
"Bad encoding in audit log #1471",billing,normal
"Bad encoding in renewal flow #1472",auth,high
"Crash in usage report #1473",auth,urgent
"Crash in SSO callback #1474",docs,normal
"Missing field in invoice PDF #1475",reports,normal
"Broken link in renewal flow #1476",mobile,normal
"Slow response from usage report #1477",onboarding,normal
"Wrong total in renewal flow #1478",mobile,low
"Bad encoding in audit log #1479",billing,low
"Wrong total in renewal flow #1480",api,normal
"Slow response from seat assignment #1481",auth,normal
"Wrong total in monthly export #1482",mobile,urgent
"Bad encoding in renewal flow #1483",docs,normal
"Slow response from invoice PDF #1484",api,high
"Wrong total in usage report #1485",auth,urgent
"Timeout on SSO callback #1486",onboarding,low
"Bad encoding in audit log #1487",mobile,normal
"Crash in webhook retry #1488",api,high
"Wrong total in monthly export #1489",auth,normal
"Bad encoding in webhook retry #1490",api,low
"Crash in seat assignment #1491",mobile,normal
"Missing field in usage report #1492",api,low
"Broken link in renewal flow #1493",docs,low
"Bad encoding in SSO callback #1494",onboarding,urgent
"Wrong total in audit log #1495",docs,normal
"Crash in webhook retry #1496",api,high
"Broken link in webhook retry #1497",auth,normal
"Wrong total in usage report #1498",reports,urgent
"Missing field in invoice PDF #1499",auth,normal
"Broken link in SSO callback #1500",auth,normal
"Slow response from audit log #1501",billing,high
"Wrong total in usage report #1502",docs,urgent
"Bad encoding in seat assignment #1503",docs,high
"Broken link in webhook retry #1504",docs,normal
"Slow response from monthly export #1505",auth,low
"Missing field in usage report #1506",billing,urgent
"Timeout on audit log #1507",mobile,urgent
"Missing field in audit log #1508",mobile,urgent
"Crash in monthly export #1509",docs,low
"Timeout on seat assignment #1510",reports,urgent
"Broken link in invoice PDF #1511",auth,low
"Crash in monthly export #1512",mobile,high
"Crash in usage report #1513",onboarding,high
"Slow response from webhook retry #1514",reports,normal
"Slow response from usage report #1515",mobile,normal
"Missing field in SSO callback #1516",auth,low
"Slow response from audit log #1517",onboarding,urgent
"Broken link in seat assignment #1518",reports,high
"Slow response from renewal flow #1519",reports,high
"Crash in seat assignment #1520",billing,high
"Missing field in usage report #1521",api,high
"Timeout on audit log #1522",onboarding,urgent
"Timeout on audit log #1523",onboarding,low
"Missing field in audit log #1524",reports,urgent
"Wrong total in usage report #1525",billing,low
"Wrong total in webhook retry #1526",billing,normal
"Wrong total in invoice PDF #1527",auth,normal
"Timeout on usage report #1528",reports,low
"Crash in SSO callback #1529",auth,low
"Bad encoding in monthly export #1530",docs,normal
"Timeout on seat assignment #1531",onboarding,urgent
"Broken link in SSO callback #1532",mobile,normal
"Slow response from monthly export #1533",reports,low
"Timeout on renewal flow #1534",auth,low
"Timeout on renewal flow #1535",reports,normal
"Timeout on seat assignment #1536",auth,low
"Wrong total in webhook retry #1537",api,high
"Crash in webhook retry #1538",reports,low
"Bad encoding in usage report #1539",reports,urgent
"Broken link in invoice PDF #1540",docs,normal
"Broken link in renewal flow #1541",mobile,normal
"Wrong total in monthly export #1542",auth,high
"Crash in renewal flow #1543",docs,low
"Bad encoding in seat assignment #1544",api,low
"Broken link in seat assignment #1545",billing,high
"Crash in usage report #1546",api,normal
"Bad encoding in renewal flow #1547",onboarding,normal
"Broken link in monthly export #1548",mobile,urgent
"Wrong total in renewal flow #1549",api,low
"Bad encoding in audit log #1550",docs,normal
"Slow response from usage report #1551",mobile,urgent
"Missing field in seat assignment #1552",api,normal
"Missing field in usage report #1553",auth,high
"Wrong total in renewal flow #1554",api,high
"Missing field in invoice PDF #1555",onboarding,high
"Wrong total in seat assignment #1556",reports,low
"Broken link in renewal flow #1557",auth,urgent
"Bad encoding in SSO callback #1558",api,urgent
"Missing field in usage report #1559",mobile,low
"Timeout on monthly export #1560",billing,urgent
"Missing field in SSO callback #1561",api,urgent
"Broken link in invoice PDF #1562",billing,urgent
"Crash in audit log #1563",billing,low
"Broken link in invoice PDF #1564",auth,low
"Crash in invoice PDF #1565",reports,high
"Wrong total in usage report #1566",onboarding,high
"Broken link in audit log #1567",docs,urgent
"Timeout on renewal flow #1568",mobile,normal
"Bad encoding in invoice PDF #1569",billing,normal
"Missing field in usage report #1570",onboarding,normal
"Missing field in renewal flow #1571",docs,urgent
"Timeout on SSO callback #1572",billing,low
"Wrong total in seat assignment #1573",api,urgent
"Crash in SSO callback #1574",mobile,high
"Missing field in monthly export #1575",auth,low
"Crash in monthly export #1576",onboarding,high
"Missing field in monthly export #1577",auth,normal
"Broken link in webhook retry #1578",reports,high
"Timeout on webhook retry #1579",auth,high
"Bad encoding in SSO callback #1580",mobile,urgent
"Slow response from seat assignment #1581",auth,low
"Broken link in seat assignment #1582",onboarding,high
"Crash in renewal flow #1583",mobile,urgent
"Wrong total in seat assignment #1584",docs,normal
"Missing field in monthly export #1585",api,low
"Slow response from audit log #1586",docs,normal
"Wrong total in seat assignment #1587",docs,urgent
"Missing field in audit log #1588",billing,urgent
"Bad encoding in audit log #1589",auth,high
"Timeout on audit log #1590",docs,low
"Wrong total in seat assignment #1591",api,high
"Missing field in usage report #1592",api,normal
"Missing field in renewal flow #1593",reports,normal
"Broken link in SSO callback #1594",reports,urgent
"Crash in audit log #1595",api,high
"Broken link in webhook retry #1596",api,normal
"Missing field in webhook retry #1597",api,normal
"Missing field in invoice PDF #1598",mobile,normal
"Crash in SSO callback #1599",docs,low
"Wrong total in SSO callback #1600",auth,low
"Bad encoding in webhook retry #1601",mobile,low
"Crash in invoice PDF #1602",billing,normal
"Crash in renewal flow #1603",reports,low
"Broken link in SSO callback #1604",reports,high
"Slow response from renewal flow #1605",api,urgent
"Missing field in monthly export #1606",billing,normal
"Wrong total in webhook retry #1607",billing,normal
"Timeout on invoice PDF #1608",api,high
"Crash in usage report #1609",docs,low
"Timeout on usage report #1610",billing,high
"Slow response from monthly export #1611",docs,high
"Bad encoding in renewal flow #1612",billing,low
"Broken link in usage report #1613",auth,high
"Crash in audit log #1614",api,normal
"Missing field in audit log #1615",reports,normal
"Wrong total in monthly export #1616",auth,normal
"Timeout on SSO callback #1617",auth,high
"Slow response from SSO callback #1618",api,urgent
"Broken link in seat assignment #1619",api,low
"Crash in renewal flow #1620",auth,urgent
"Wrong total in webhook retry #1621",onboarding,low
"Wrong total in audit log #1622",auth,low
"Bad encoding in seat assignment #1623",api,urgent
"Broken link in audit log #1624",docs,low
"Wrong total in renewal flow #1625",docs,normal
"Timeout on monthly export #1626",auth,low
"Missing field in SSO callback #1627",onboarding,high
"Bad encoding in SSO callback #1628",reports,low
"Broken link in invoice PDF #1629",billing,urgent
"Wrong total in monthly export #1630",auth,high
"Broken link in audit log #1631",billing,urgent
"Wrong total in renewal flow #1632",docs,low
"Bad encoding in monthly export #1633",onboarding,low
"Missing field in renewal flow #1634",reports,low
"Timeout on webhook retry #1635",api,urgent
"Wrong total in webhook retry #1636",mobile,normal
"Broken link in invoice PDF #1637",mobile,urgent
"Timeout on webhook retry #1638",docs,low
"Crash in webhook retry #1639",mobile,urgent
"Timeout on webhook retry #1640",docs,low
"Slow response from invoice PDF #1641",reports,high
"Wrong total in invoice PDF #1642",mobile,high
"Wrong total in renewal flow #1643",docs,urgent
"Crash in usage report #1644",billing,normal
"Timeout on SSO callback #1645",billing,normal
"Missing field in SSO callback #1646",docs,urgent
"Missing field in webhook retry #1647",billing,urgent
"Slow response from seat assignment #1648",reports,low
"Slow response from seat assignment #1649",auth,normal
"Timeout on seat assignment #1650",docs,normal
"Crash in renewal flow #1651",mobile,normal
"Slow response from renewal flow #1652",onboarding,low
"Timeout on audit log #1653",auth,low
"Wrong total in invoice PDF #1654",reports,normal
"Crash in audit log #1655",docs,high
"Wrong total in seat assignment #1656",docs,normal
"Timeout on monthly export #1657",billing,urgent
"Bad encoding in webhook retry #1658",mobile,normal
"Crash in invoice PDF #1659",mobile,low
"Timeout on usage report #1660",billing,normal
"Timeout on monthly export #1661",billing,high
"Timeout on invoice PDF #1662",api,high
"Bad encoding in seat assignment #1663",mobile,normal
"Missing field in webhook retry #1664",docs,high
"Wrong total in audit log #1665",reports,normal
"Slow response from invoice PDF #1666",mobile,normal
"Slow response from renewal flow #1667",docs,urgent
"Crash in monthly export #1668",billing,high
"Missing field in SSO callback #1669",onboarding,urgent
"Bad encoding in audit log #1670",api,urgent
"Wrong total in usage report #1671",api,high
"Missing field in usage report #1672",onboarding,low
"Bad encoding in invoice PDF #1673",docs,high
"Crash in webhook retry #1674",mobile,urgent
"Bad encoding in audit log #1675",mobile,high
"Broken link in audit log #1676",billing,high
"Crash in webhook retry #1677",onboarding,normal
"Bad encoding in usage report #1678",mobile,high
"Crash in audit log #1679",mobile,low
"Missing field in renewal flow #1680",reports,high
"Broken link in renewal flow #1681",docs,high
"Bad encoding in webhook retry #1682",reports,high
"Broken link in SSO callback #1683",mobile,normal
"Broken link in SSO callback #1684",reports,normal
"Missing field in seat assignment #1685",billing,normal
"Missing field in usage report #1686",onboarding,urgent
"Missing field in usage report #1687",auth,high
"Wrong total in monthly export #1688",mobile,normal
"Missing field in invoice PDF #1689",billing,normal
"Missing field in renewal flow #1690",onboarding,normal
"Timeout on usage report #1691",docs,normal
"Wrong total in audit log #1692",api,low
"Timeout on invoice PDF #1693",docs,urgent
"Slow response from invoice PDF #1694",billing,urgent
"Broken link in monthly export #1695",docs,low
"Crash in audit log #1696",billing,high
"Missing field in monthly export #1697",mobile,low
"Slow response from webhook retry #1698",auth,low
"Slow response from webhook retry #1699",reports,low
"Wrong total in webhook retry #1700",auth,urgent
"Slow response from audit log #1701",billing,low
"Slow response from audit log #1702",api,low
"Slow response from seat assignment #1703",billing,normal
"Wrong total in seat assignment #1704",reports,urgent
"Missing field in renewal flow #1705",auth,low
"Missing field in usage report #1706",auth,urgent
"Wrong total in audit log #1707",api,normal
"Broken link in renewal flow #1708",api,high
"Missing field in seat assignment #1709",onboarding,urgent
"Broken link in renewal flow #1710",billing,urgent
"Broken link in webhook retry #1711",api,normal
"Bad encoding in seat assignment #1712",api,urgent
"Wrong total in SSO callback #1713",reports,urgent
"Timeout on invoice PDF #1714",docs,normal
"Crash in renewal flow #1715",billing,low
"Timeout on monthly export #1716",reports,low
"Broken link in usage report #1717",api,urgent
"Missing field in audit log #1718",api,high
"Crash in monthly export #1719",billing,urgent
"Timeout on audit log #1720",reports,normal
"Wrong total in usage report #1721",reports,high
"Slow response from invoice PDF #1722",reports,low
"Slow response from audit log #1723",onboarding,low
"Missing field in audit log #1724",auth,high
"Crash in SSO callback #1725",reports,normal
"Broken link in renewal flow #1726",reports,normal
"Broken link in renewal flow #1727",auth,normal
"Crash in seat assignment #1728",reports,urgent
"Missing field in webhook retry #1729",auth,urgent
"Wrong total in audit log #1730",onboarding,low
"Timeout on usage report #1731",auth,high
"Crash in usage report #1732",mobile,low
"Broken link in seat assignment #1733",onboarding,normal
"Slow response from monthly export #1734",billing,normal
"Crash in monthly export #1735",reports,normal
"Crash in monthly export #1736",mobile,high
"Missing field in monthly export #1737",mobile,urgent
"Crash in SSO callback #1738",auth,high
"Missing field in invoice PDF #1739",mobile,normal
"Slow response from webhook retry #1740",mobile,urgent
"Crash in audit log #1741",api,normal
"Bad encoding in audit log #1742",docs,urgent
"Slow response from monthly export #1743",onboarding,low
"Crash in SSO callback #1744",billing,low
"Slow response from monthly export #1745",reports,low
"Wrong total in renewal flow #1746",billing,normal
"Broken link in SSO callback #1747",onboarding,urgent
"Slow response from webhook retry #1748",onboarding,normal
"Wrong total in audit log #1749",mobile,high
"Slow response from renewal flow #1750",auth,high
"Missing field in SSO callback #1751",billing,low
"Slow response from SSO callback #1752",billing,normal
"Crash in invoice PDF #1753",mobile,high
"Missing field in SSO callback #1754",onboarding,normal
"Broken link in invoice PDF #1755",api,low
"Bad encoding in renewal flow #1756",mobile,high
"Wrong total in invoice PDF #1757",billing,urgent
"Slow response from monthly export #1758",docs,urgent
"Broken link in seat assignment #1759",onboarding,normal
"Wrong total in invoice PDF #1760",reports,normal
"Wrong total in invoice PDF #1761",docs,low
"Wrong total in SSO callback #1762",auth,urgent
"Bad encoding in audit log #1763",docs,high
"Slow response from seat assignment #1764",billing,high
"Broken link in webhook retry #1765",auth,high
"Broken link in usage report #1766",auth,normal
"Broken link in monthly export #1767",docs,normal
"Bad encoding in webhook retry #1768",mobile,normal
"Missing field in SSO callback #1769",reports,high
"Missing field in SSO callback #1770",docs,high
"Broken link in webhook retry #1771",reports,urgent
"Bad encoding in renewal flow #1772",onboarding,high
"Missing field in monthly export #1773",api,normal
"Crash in monthly export #1774",reports,low
"Bad encoding in usage report #1775",onboarding,urgent
"Broken link in usage report #1776",auth,low
"Wrong total in usage report #1777",auth,normal
"Missing field in webhook retry #1778",mobile,urgent
"Broken link in invoice PDF #1779",auth,low
"Wrong total in webhook retry #1780",auth,urgent
"Slow response from webhook retry #1781",docs,urgent
"Bad encoding in SSO callback #1782",billing,normal
"Broken link in renewal flow #1783",onboarding,low
"Slow response from usage report #1784",auth,high
"Crash in webhook retry #1785",api,normal
"Crash in audit log #1786",reports,low
"Broken link in SSO callback #1787",mobile,normal
"Crash in invoice PDF #1788",auth,high
"Slow response from SSO callback #1789",billing,low
"Wrong total in webhook retry #1790",auth,low
"Missing field in invoice PDF #1791",onboarding,low
"Missing field in seat assignment #1792",auth,high
"Timeout on invoice PDF #1793",docs,normal
"Missing field in webhook retry #1794",onboarding,urgent
"Timeout on webhook retry #1795",onboarding,low
"Timeout on audit log #1796",mobile,low
"Broken link in seat assignment #1797",onboarding,low
"Wrong total in webhook retry #1798",reports,low
"Missing field in usage report #1799",docs,urgent
"Wrong total in invoice PDF #1800",docs,low
"Slow response from seat assignment #1801",mobile,urgent
"Slow response from seat assignment #1802",reports,normal
"Bad encoding in usage report #1803",onboarding,urgent
"Wrong total in renewal flow #1804",api,normal
"Broken link in webhook retry #1805",api,low
"Timeout on audit log #1806",docs,low
"Timeout on invoice PDF #1807",mobile,urgent
"Crash in monthly export #1808",onboarding,normal
"Broken link in monthly export #1809",onboarding,high
"Broken link in webhook retry #1810",auth,urgent
"Crash in renewal flow #1811",mobile,high
"Timeout on usage report #1812",docs,high
"Slow response from webhook retry #1813",reports,low
"Wrong total in renewal flow #1814",mobile,low
"Missing field in renewal flow #1815",onboarding,high
"Missing field in monthly export #1816",billing,low
"Crash in SSO callback #1817",reports,low
"Bad encoding in audit log #1818",mobile,normal
"Slow response from usage report #1819",mobile,urgent
"Timeout on SSO callback #1820",api,urgent
"Missing field in seat assignment #1821",docs,urgent
"Timeout on usage report #1822",auth,urgent
"Wrong total in audit log #1823",docs,urgent
"Broken link in invoice PDF #1824",onboarding,low
"Slow response from renewal flow #1825",mobile,urgent
"Missing field in webhook retry #1826",auth,urgent
"Broken link in invoice PDF #1827",reports,normal
"Slow response from monthly export #1828",docs,normal
"Missing field in webhook retry #1829",billing,low
"Broken link in SSO callback #1830",billing,urgent
"Crash in invoice PDF #1831",api,urgent
"Crash in SSO callback #1832",billing,low
"Broken link in invoice PDF #1833",api,low
"Bad encoding in usage report #1834",reports,normal
"Bad encoding in seat assignment #1835",billing,low
"Timeout on monthly export #1836",api,normal
"Crash in SSO callback #1837",onboarding,low
"Slow response from webhook retry #1838",api,low
"Wrong total in invoice PDF #1839",onboarding,urgent
"Broken link in invoice PDF #1840",api,normal
"Missing field in renewal flow #1841",api,low
"Slow response from usage report #1842",reports,low
"Bad encoding in SSO callback #1843",billing,urgent
"Timeout on webhook retry #1844",api,high
"Crash in seat assignment #1845",reports,normal
"Slow response from usage report #1846",billing,high
"Broken link in audit log #1847",reports,high
"Crash in SSO callback #1848",billing,urgent
"Missing field in webhook retry #1849",reports,low
"Missing field in invoice PDF #1850",mobile,high
"Missing field in webhook retry #1851",docs,high
"Slow response from webhook retry #1852",docs,urgent
"Missing field in webhook retry #1853",auth,normal
"Bad encoding in renewal flow #1854",billing,high
"Bad encoding in monthly export #1855",reports,high
"Crash in webhook retry #1856",docs,urgent
"Wrong total in SSO callback #1857",reports,low
"Wrong total in seat assignment #1858",mobile,urgent
"Timeout on webhook retry #1859",docs,urgent
"Crash in usage report #1860",auth,high
"Crash in invoice PDF #1861",docs,urgent
"Slow response from usage report #1862",auth,urgent
"Wrong total in audit log #1863",api,urgent
"Timeout on SSO callback #1864",auth,low
"Crash in monthly export #1865",onboarding,high
"Bad encoding in invoice PDF #1866",onboarding,urgent
"Broken link in audit log #1867",reports,high
"Bad encoding in monthly export #1868",onboarding,normal
"Wrong total in SSO callback #1869",auth,normal
"Broken link in audit log #1870",onboarding,low
"Slow response from monthly export #1871",auth,normal
"Bad encoding in audit log #1872",onboarding,high
"Missing field in SSO callback #1873",reports,normal
"Broken link in renewal flow #1874",docs,normal
"Broken link in seat assignment #1875",billing,urgent
"Bad encoding in usage report #1876",onboarding,low
"Timeout on webhook retry #1877",docs,high
"Wrong total in renewal flow #1878",api,low
"Broken link in usage report #1879",api,low
"Wrong total in seat assignment #1880",reports,normal
"Timeout on audit log #1881",api,low
"Bad encoding in SSO callback #1882",onboarding,low
"Crash in seat assignment #1883",api,normal
"Bad encoding in usage report #1884",auth,urgent
"Missing field in audit log #1885",docs,normal
"Wrong total in SSO callback #1886",mobile,high
"Slow response from usage report #1887",auth,high
"Slow response from audit log #1888",billing,high
"Slow response from SSO callback #1889",billing,high
"Missing field in invoice PDF #1890",mobile,high
"Broken link in seat assignment #1891",docs,urgent
"Broken link in audit log #1892",billing,normal
"Bad encoding in SSO callback #1893",auth,normal
"Wrong total in monthly export #1894",auth,urgent
"Crash in audit log #1895",auth,high
"Crash in seat assignment #1896",docs,low
"Crash in monthly export #1897",onboarding,low
"Wrong total in seat assignment #1898",billing,low
"Broken link in renewal flow #1899",billing,urgent
"Crash in usage report #1900",api,low
"Broken link in webhook retry #1901",onboarding,normal
"Bad encoding in renewal flow #1902",api,urgent
"Wrong total in audit log #1903",reports,urgent
"Broken link in usage report #1904",billing,low
"Missing field in renewal flow #1905",api,urgent
"Wrong total in webhook retry #1906",reports,low
"Timeout on SSO callback #1907",onboarding,low
"Bad encoding in usage report #1908",onboarding,urgent
"Crash in seat assignment #1909",reports,low
"Slow response from usage report #1910",api,high
"Timeout on usage report #1911",mobile,high
"Broken link in SSO callback #1912",docs,urgent
"Timeout on seat assignment #1913",billing,urgent
"Crash in SSO callback #1914",docs,urgent
"Bad encoding in renewal flow #1915",billing,urgent
"Bad encoding in invoice PDF #1916",billing,urgent
"Crash in invoice PDF #1917",mobile,low
"Bad encoding in seat assignment #1918",auth,high
"Slow response from seat assignment #1919",docs,low
"Missing field in renewal flow #1920",reports,high
"Slow response from webhook retry #1921",onboarding,urgent
"Slow response from renewal flow #1922",docs,urgent
"Slow response from monthly export #1923",api,urgent
"Missing field in renewal flow #1924",mobile,high
"Crash in renewal flow #1925",auth,high
"Crash in renewal flow #1926",onboarding,normal
"Timeout on monthly export #1927",onboarding,high
"Wrong total in usage report #1928",onboarding,normal
"Crash in audit log #1929",api,normal
"Bad encoding in SSO callback #1930",auth,urgent
"Slow response from usage report #1931",reports,normal
"Bad encoding in seat assignment #1932",auth,high
"Missing field in renewal flow #1933",api,high
"Bad encoding in seat assignment #1934",billing,low
"Wrong total in renewal flow #1935",docs,low
"Missing field in audit log #1936",billing,normal
"Broken link in monthly export #1937",reports,low
"Slow response from SSO callback #1938",onboarding,urgent
"Slow response from monthly export #1939",docs,low
"Wrong total in monthly export #1940",onboarding,high
"Wrong total in renewal flow #1941",billing,high
"Timeout on monthly export #1942",onboarding,urgent
"Crash in audit log #1943",onboarding,normal
"Wrong total in audit log #1944",mobile,urgent
"Crash in monthly export #1945",onboarding,urgent
"Missing field in invoice PDF #1946",api,normal
"Wrong total in audit log #1947",auth,normal
"Crash in renewal flow #1948",mobile,low
"Wrong total in invoice PDF #1949",onboarding,low
"Missing field in audit log #1950",billing,high
"Bad encoding in seat assignment #1951",onboarding,normal
"Broken link in SSO callback #1952",billing,high
"Broken link in monthly export #1953",auth,normal
"Timeout on renewal flow #1954",billing,urgent
"Timeout on monthly export #1955",auth,urgent
"Crash in renewal flow #1956",onboarding,urgent
"Crash in seat assignment #1957",billing,low
"Broken link in audit log #1958",auth,normal
"Slow response from usage report #1959",mobile,high
"Bad encoding in seat assignment #1960",api,high
"Crash in monthly export #1961",docs,low
"Missing field in usage report #1962",reports,high
"Crash in SSO callback #1963",auth,urgent
"Missing field in seat assignment #1964",reports,normal
"Bad encoding in seat assignment #1965",reports,urgent
"Slow response from SSO callback #1966",billing,urgent
"Timeout on seat assignment #1967",onboarding,urgent
"Missing field in seat assignment #1968",reports,urgent
"Timeout on webhook retry #1969",api,normal
"Slow response from usage report #1970",auth,low
"Broken link in usage report #1971",onboarding,high
"Broken link in SSO callback #1972",api,low
"Broken link in monthly export #1973",reports,urgent
"Slow response from monthly export #1974",reports,high
"Broken link in seat assignment #1975",reports,urgent
"Slow response from monthly export #1976",auth,high
"Crash in renewal flow #1977",docs,low
"Missing field in seat assignment #1978",reports,normal
"Broken link in renewal flow #1979",docs,urgent
"Crash in webhook retry #1980",mobile,low
"Timeout on webhook retry #1981",reports,urgent
"Wrong total in usage report #1982",reports,urgent
"Crash in usage report #1983",reports,urgent
"Timeout on webhook retry #1984",billing,high
"Slow response from SSO callback #1985",api,urgent
"Bad encoding in usage report #1986",mobile,high
"Slow response from usage report #1987",mobile,normal
"Wrong total in usage report #1988",reports,high
"Broken link in audit log #1989",docs,urgent
"Timeout on seat assignment #1990",api,normal
"Crash in renewal flow #1991",onboarding,normal
"Timeout on audit log #1992",reports,low
"Wrong total in webhook retry #1993",docs,high
"Broken link in usage report #1994",api,low
"Timeout on SSO callback #1995",auth,normal
"Crash in SSO callback #1996",docs,normal
"Slow response from invoice PDF #1997",reports,low
"Wrong total in audit log #1998",mobile,urgent
"Wrong total in SSO callback #1999",billing,low
"Broken link in audit log #2000",billing,urgent
"Crash in invoice PDF #2001",reports,urgent
"Wrong total in invoice PDF #2002",auth,urgent
"Wrong total in monthly export #2003",onboarding,urgent
"Crash in audit log #2004",onboarding,normal
"Slow response from usage report #2005",onboarding,low
"Wrong total in invoice PDF #2006",reports,high
"Slow response from webhook retry #2007",mobile,low
"Slow response from audit log #2008",docs,normal
"Slow response from audit log #2009",billing,low
"Broken link in usage report #2010",onboarding,high
"Missing field in seat assignment #2011",auth,normal
"Missing field in webhook retry #2012",mobile,high
"Slow response from seat assignment #2013",api,high
"Bad encoding in usage report #2014",billing,low
"Slow response from renewal flow #2015",api,urgent
"Crash in audit log #2016",docs,normal
"Broken link in webhook retry #2017",docs,low
"Broken link in webhook retry #2018",reports,urgent
"Bad encoding in renewal flow #2019",mobile,high
"Missing field in monthly export #2020",mobile,urgent
"Bad encoding in webhook retry #2021",reports,urgent
"Slow response from monthly export #2022",mobile,normal
"Missing field in usage report #2023",reports,low
"Timeout on invoice PDF #2024",reports,normal
"Slow response from monthly export #2025",auth,urgent
"Crash in invoice PDF #2026",billing,high
"Bad encoding in monthly export #2027",billing,high
"Missing field in usage report #2028",reports,urgent
"Missing field in audit log #2029",reports,low
"Wrong total in audit log #2030",auth,high
"Bad encoding in webhook retry #2031",onboarding,urgent
"Missing field in audit log #2032",billing,high
"Missing field in renewal flow #2033",api,high
"Wrong total in webhook retry #2034",reports,low
"Crash in audit log #2035",reports,low
"Slow response from monthly export #2036",docs,high
"Timeout on seat assignment #2037",docs,high
"Missing field in renewal flow #2038",reports,urgent
"Slow response from invoice PDF #2039",api,normal
"Broken link in seat assignment #2040",reports,normal
"Wrong total in invoice PDF #2041",api,low
"Wrong total in webhook retry #2042",auth,low
"Wrong total in webhook retry #2043",auth,urgent
"Missing field in seat assignment #2044",reports,low
"Wrong total in webhook retry #2045",docs,urgent
"Wrong total in renewal flow #2046",mobile,high
"Timeout on SSO callback #2047",reports,high
"Timeout on seat assignment #2048",auth,normal
"Bad encoding in SSO callback #2049",api,normal
"Bad encoding in usage report #2050",auth,high
"Wrong total in audit log #2051",docs,low
"Broken link in audit log #2052",onboarding,urgent
"Wrong total in audit log #2053",billing,urgent
"Broken link in webhook retry #2054",auth,low
"Crash in seat assignment #2055",onboarding,normal
"Slow response from SSO callback #2056",reports,normal
"Timeout on webhook retry #2057",onboarding,high
"Missing field in SSO callback #2058",docs,low
"Bad encoding in renewal flow #2059",reports,urgent
"Bad encoding in seat assignment #2060",docs,high
"Bad encoding in audit log #2061",reports,low
"Wrong total in seat assignment #2062",auth,low
"Wrong total in audit log #2063",mobile,urgent
"Wrong total in SSO callback #2064",mobile,low
"Slow response from renewal flow #2065",api,normal
"Timeout on seat assignment #2066",docs,high
"Missing field in renewal flow #2067",docs,high
"Slow response from renewal flow #2068",reports,normal
"Broken link in webhook retry #2069",mobile,normal
"Wrong total in monthly export #2070",billing,high
"Wrong total in seat assignment #2071",docs,high
"Timeout on usage report #2072",docs,low
"Slow response from SSO callback #2073",docs,low
"Broken link in monthly export #2074",docs,urgent
"Wrong total in monthly export #2075",onboarding,urgent
"Bad encoding in monthly export #2076",api,urgent
"Missing field in invoice PDF #2077",billing,normal
"Timeout on seat assignment #2078",mobile,high
"Slow response from SSO callback #2079",onboarding,normal
"Slow response from webhook retry #2080",auth,low
"Timeout on audit log #2081",auth,high
"Wrong total in SSO callback #2082",billing,urgent
"Wrong total in renewal flow #2083",billing,urgent
"Broken link in webhook retry #2084",onboarding,urgent
"Missing field in webhook retry #2085",auth,urgent
"Bad encoding in seat assignment #2086",auth,low
"Missing field in webhook retry #2087",onboarding,high
"Timeout on webhook retry #2088",docs,low
"Timeout on audit log #2089",mobile,normal
"Crash in renewal flow #2090",mobile,high
"Slow response from renewal flow #2091",docs,urgent
"Slow response from renewal flow #2092",auth,high
"Broken link in usage report #2093",billing,urgent
"Wrong total in audit log #2094",api,urgent
"Wrong total in usage report #2095",reports,high
"Missing field in SSO callback #2096",docs,low
"Missing field in SSO callback #2097",docs,urgent
"Broken link in monthly export #2098",api,low
"Missing field in renewal flow #2099",auth,low
"Wrong total in renewal flow #2100",mobile,high
"Bad encoding in seat assignment #2101",mobile,high
"Timeout on webhook retry #2102",onboarding,normal
"Broken link in invoice PDF #2103",onboarding,urgent
"Broken link in usage report #2104",billing,normal
"Wrong total in audit log #2105",billing,high
"Slow response from seat assignment #2106",auth,low
"Broken link in webhook retry #2107",billing,urgent
"Crash in seat assignment #2108",onboarding,normal
"Timeout on renewal flow #2109",docs,urgent
"Wrong total in SSO callback #2110",api,normal
"Broken link in audit log #2111",auth,high
"Timeout on seat assignment #2112",api,normal
"Crash in audit log #2113",mobile,low
"Missing field in renewal flow #2114",billing,high
"Broken link in monthly export #2115",mobile,high
"Bad encoding in renewal flow #2116",docs,low
"Missing field in webhook retry #2117",auth,high
"Slow response from monthly export #2118",api,high
"Missing field in invoice PDF #2119",docs,normal
"Missing field in invoice PDF #2120",mobile,urgent
"Wrong total in monthly export #2121",api,normal
"Broken link in monthly export #2122",auth,high
"Wrong total in usage report #2123",onboarding,high
"Broken link in seat assignment #2124",docs,normal
"Bad encoding in audit log #2125",billing,urgent
"Bad encoding in invoice PDF #2126",auth,high
"Crash in webhook retry #2127",docs,high
"Bad encoding in monthly export #2128",auth,high
"Crash in seat assignment #2129",api,normal
"Wrong total in monthly export #2130",mobile,high
"Crash in invoice PDF #2131",billing,urgent
"Wrong total in SSO callback #2132",reports,low
"Wrong total in SSO callback #2133",onboarding,high
"Slow response from seat assignment #2134",reports,normal
"Missing field in invoice PDF #2135",onboarding,high
"Crash in renewal flow #2136",mobile,low
"Slow response from renewal flow #2137",billing,normal
"Slow response from invoice PDF #2138",onboarding,low
"Bad encoding in usage report #2139",auth,normal
"Broken link in audit log #2140",docs,low
"Bad encoding in invoice PDF #2141",reports,low
"Broken link in audit log #2142",onboarding,high
"Crash in SSO callback #2143",mobile,normal
"Bad encoding in audit log #2144",reports,high
"Missing field in SSO callback #2145",auth,low
"Timeout on usage report #2146",reports,normal
"Crash in usage report #2147",reports,high
"Wrong total in monthly export #2148",onboarding,high
"Wrong total in SSO callback #2149",api,normal
"Timeout on webhook retry #2150",reports,urgent
"Wrong total in usage report #2151",api,urgent
"Wrong total in renewal flow #2152",reports,low
"Timeout on audit log #2153",onboarding,normal
"Timeout on renewal flow #2154",onboarding,normal
"Wrong total in invoice PDF #2155",reports,low
"Slow response from monthly export #2156",onboarding,urgent
"Crash in monthly export #2157",api,high
"Missing field in monthly export #2158",auth,urgent
"Wrong total in seat assignment #2159",docs,normal
"Wrong total in invoice PDF #2160",docs,normal
"Slow response from audit log #2161",api,normal
"Broken link in audit log #2162",onboarding,low
"Slow response from audit log #2163",api,urgent
"Bad encoding in SSO callback #2164",onboarding,low
"Slow response from invoice PDF #2165",api,low
"Wrong total in audit log #2166",reports,urgent
"Timeout on SSO callback #2167",billing,normal
"Crash in usage report #2168",onboarding,high
"Missing field in renewal flow #2169",auth,high
"Crash in SSO callback #2170",reports,high
"Missing field in monthly export #2171",onboarding,urgent
"Broken link in renewal flow #2172",reports,high
"Missing field in SSO callback #2173",mobile,high
"Timeout on audit log #2174",mobile,urgent
"Crash in audit log #2175",onboarding,high
"Broken link in invoice PDF #2176",auth,low
"Bad encoding in invoice PDF #2177",mobile,low
"Crash in webhook retry #2178",mobile,urgent
"Timeout on renewal flow #2179",onboarding,high
"Slow response from monthly export #2180",docs,low
"Wrong total in webhook retry #2181",billing,normal
"Crash in seat assignment #2182",mobile,low
"Wrong total in renewal flow #2183",auth,low
"Crash in webhook retry #2184",onboarding,normal
"Broken link in monthly export #2185",auth,urgent
"Broken link in invoice PDF #2186",billing,normal
"Crash in audit log #2187",reports,urgent
"Bad encoding in renewal flow #2188",reports,urgent
"Wrong total in seat assignment #2189",auth,high
"Crash in renewal flow #2190",mobile,urgent
"Slow response from monthly export #2191",billing,high
"Broken link in usage report #2192",reports,low
"Crash in seat assignment #2193",billing,low
"Broken link in SSO callback #2194",billing,urgent
"Missing field in webhook retry #2195",reports,urgent
"Crash in SSO callback #2196",docs,urgent
"Slow response from invoice PDF #2197",api,high
"Broken link in webhook retry #2198",onboarding,urgent
"Timeout on usage report #2199",billing,high
"Crash in monthly export #2200",api,urgent
"Crash in webhook retry #2201",auth,normal
"Wrong total in webhook retry #2202",reports,low
"Broken link in invoice PDF #2203",reports,low
"Timeout on usage report #2204",reports,urgent
"Slow response from invoice PDF #2205",onboarding,normal
"Broken link in seat assignment #2206",docs,high
"Broken link in renewal flow #2207",billing,urgent
"Slow response from audit log #2208",auth,low
"Bad encoding in seat assignment #2209",onboarding,normal
"Wrong total in invoice PDF #2210",reports,low
"Missing field in renewal flow #2211",api,high
"Missing field in usage report #2212",api,low
"Bad encoding in audit log #2213",reports,high
"Bad encoding in invoice PDF #2214",auth,normal
"Bad encoding in renewal flow #2215",api,low
"Broken link in audit log #2216",auth,low
"Timeout on audit log #2217",auth,urgent
"Slow response from invoice PDF #2218",reports,high
"Slow response from renewal flow #2219",billing,high
"Crash in audit log #2220",billing,urgent
"Slow response from invoice PDF #2221",onboarding,low
"Missing field in usage report #2222",billing,high
"Missing field in renewal flow #2223",reports,low
"Slow response from renewal flow #2224",auth,urgent
"Timeout on audit log #2225",billing,high
"Missing field in SSO callback #2226",auth,low
"Crash in seat assignment #2227",docs,normal
"Wrong total in invoice PDF #2228",api,high
"Bad encoding in seat assignment #2229",mobile,high
"Broken link in webhook retry #2230",billing,low
"Slow response from renewal flow #2231",auth,urgent
"Missing field in monthly export #2232",docs,urgent
"Bad encoding in invoice PDF #2233",docs,normal
"Timeout on SSO callback #2234",onboarding,normal
"Wrong total in invoice PDF #2235",docs,normal
"Crash in renewal flow #2236",onboarding,low
"Slow response from audit log #2237",reports,low
"Timeout on usage report #2238",reports,normal
"Wrong total in SSO callback #2239",docs,normal
"Timeout on webhook retry #2240",billing,normal
"Wrong total in SSO callback #2241",docs,low
"Missing field in usage report #2242",reports,urgent
"Wrong total in usage report #2243",docs,normal
"Missing field in usage report #2244",onboarding,urgent
"Wrong total in SSO callback #2245",mobile,low
"Broken link in seat assignment #2246",billing,low
"Crash in webhook retry #2247",mobile,high
"Bad encoding in monthly export #2248",billing,urgent
"Broken link in seat assignment #2249",docs,normal
"Slow response from usage report #2250",docs,normal
"Broken link in invoice PDF #2251",api,low
"Slow response from monthly export #2252",reports,high
"Wrong total in webhook retry #2253",auth,urgent
"Crash in usage report #2254",api,urgent
"Broken link in monthly export #2255",auth,normal
"Missing field in audit log #2256",billing,low
"Missing field in SSO callback #2257",docs,normal
"Crash in seat assignment #2258",mobile,urgent
"Timeout on usage report #2259",billing,low
"Slow response from usage report #2260",auth,low
"Slow response from monthly export #2261",auth,high
"Broken link in audit log #2262",auth,high
"Crash in webhook retry #2263",api,high
"Wrong total in renewal flow #2264",auth,high
"Crash in renewal flow #2265",billing,high
"Timeout on SSO callback #2266",billing,urgent
"Slow response from usage report #2267",mobile,urgent
"Missing field in renewal flow #2268",mobile,urgent
"Wrong total in renewal flow #2269",auth,urgent
"Missing field in invoice PDF #2270",onboarding,urgent
"Timeout on invoice PDF #2271",reports,high
"Timeout on SSO callback #2272",onboarding,low
"Broken link in renewal flow #2273",api,urgent
"Bad encoding in SSO callback #2274",onboarding,urgent
"Bad encoding in SSO callback #2275",onboarding,low
"Missing field in renewal flow #2276",docs,low
"Bad encoding in webhook retry #2277",docs,normal
"Timeout on audit log #2278",api,low
"Crash in usage report #2279",mobile,normal
"Slow response from renewal flow #2280",billing,normal
"Bad encoding in webhook retry #2281",auth,normal
"Missing field in audit log #2282",docs,low
"Missing field in usage report #2283",mobile,normal
"Slow response from seat assignment #2284",auth,high
"Slow response from renewal flow #2285",onboarding,normal
"Missing field in usage report #2286",auth,urgent
"Crash in webhook retry #2287",reports,low
"Bad encoding in audit log #2288",mobile,urgent
"Slow response from webhook retry #2289",docs,urgent
"Timeout on SSO callback #2290",billing,low
"Missing field in SSO callback #2291",docs,low
"Bad encoding in SSO callback #2292",mobile,low
"Wrong total in renewal flow #2293",mobile,normal
"Bad encoding in webhook retry #2294",api,urgent
"Broken link in webhook retry #2295",reports,high
"Wrong total in audit log #2296",mobile,urgent
"Wrong total in seat assignment #2297",reports,urgent
"Timeout on invoice PDF #2298",auth,normal
"Broken link in invoice PDF #2299",api,high
"Crash in renewal flow #2300",mobile,normal
"Timeout on SSO callback #2301",auth,normal
"Bad encoding in renewal flow #2302",auth,urgent
"Wrong total in renewal flow #2303",api,high
"Missing field in usage report #2304",onboarding,normal
"Broken link in renewal flow #2305",onboarding,high
"Crash in webhook retry #2306",onboarding,high
"Wrong total in usage report #2307",reports,high
"Missing field in audit log #2308",auth,low
"Slow response from invoice PDF #2309",mobile,urgent
"Crash in renewal flow #2310",mobile,normal
"Timeout on seat assignment #2311",docs,normal
"Bad encoding in seat assignment #2312",auth,low
"Slow response from seat assignment #2313",api,low
"Timeout on audit log #2314",auth,normal
"Crash in usage report #2315",api,low
"Crash in renewal flow #2316",auth,high
"Timeout on SSO callback #2317",auth,urgent
"Missing field in SSO callback #2318",auth,urgent
"Missing field in webhook retry #2319",reports,urgent
"Slow response from SSO callback #2320",mobile,urgent
"Wrong total in invoice PDF #2321",docs,urgent
"Timeout on usage report #2322",onboarding,normal
"Wrong total in monthly export #2323",onboarding,high
"Wrong total in monthly export #2324",api,normal
"Broken link in monthly export #2325",auth,normal
"Wrong total in monthly export #2326",docs,low
"Broken link in audit log #2327",mobile,high
"Crash in SSO callback #2328",auth,low
"Slow response from renewal flow #2329",billing,low
"Slow response from SSO callback #2330",billing,high
"Wrong total in usage report #2331",api,high
"Missing field in usage report #2332",api,urgent
"Slow response from monthly export #2333",onboarding,low
"Missing field in webhook retry #2334",auth,normal
"Slow response from usage report #2335",docs,normal
"Broken link in seat assignment #2336",auth,low
"Broken link in usage report #2337",docs,high
"Crash in invoice PDF #2338",docs,high
"Crash in seat assignment #2339",mobile,low
"Broken link in seat assignment #2340",reports,low
"Crash in seat assignment #2341",auth,high
"Missing field in SSO callback #2342",docs,urgent
"Timeout on SSO callback #2343",auth,urgent
"Broken link in audit log #2344",docs,high
"Slow response from audit log #2345",docs,normal
"Broken link in renewal flow #2346",mobile,low
"Missing field in invoice PDF #2347",auth,high
"Bad encoding in audit log #2348",reports,urgent
"Broken link in renewal flow #2349",auth,normal
"Wrong total in audit log #2350",auth,urgent
"Missing field in usage report #2351",auth,urgent
"Slow response from renewal flow #2352",mobile,normal
"Missing field in renewal flow #2353",mobile,normal
"Slow response from SSO callback #2354",mobile,high
"Missing field in usage report #2355",mobile,urgent
"Missing field in usage report #2356",api,high
"Wrong total in invoice PDF #2357",api,normal
"Wrong total in seat assignment #2358",reports,normal
"Broken link in SSO callback #2359",auth,urgent
"Bad encoding in SSO callback #2360",docs,high
"Bad encoding in SSO callback #2361",billing,low
"Missing field in seat assignment #2362",onboarding,normal
"Broken link in SSO callback #2363",docs,high
"Missing field in monthly export #2364",docs,normal
"Timeout on monthly export #2365",mobile,normal
"Slow response from seat assignment #2366",onboarding,normal
"Wrong total in seat assignment #2367",reports,urgent
"Timeout on SSO callback #2368",docs,high
"Crash in webhook retry #2369",api,high
"Bad encoding in SSO callback #2370",reports,low
"Missing field in monthly export #2371",auth,normal
"Slow response from seat assignment #2372",auth,urgent
"Timeout on monthly export #2373",auth,high
"Missing field in invoice PDF #2374",onboarding,low
"Missing field in seat assignment #2375",billing,normal
"Broken link in invoice PDF #2376",docs,normal
"Missing field in SSO callback #2377",auth,normal
"Slow response from webhook retry #2378",onboarding,urgent
"Wrong total in SSO callback #2379",reports,urgent
"Missing field in usage report #2380",onboarding,normal
"Wrong total in monthly export #2381",reports,urgent
"Timeout on seat assignment #2382",billing,low
"Bad encoding in SSO callback #2383",docs,normal
"Wrong total in SSO callback #2384",auth,normal
"Timeout on audit log #2385",billing,low
"Bad encoding in usage report #2386",api,high
"Timeout on renewal flow #2387",onboarding,normal
"Slow response from SSO callback #2388",docs,urgent
"Bad encoding in audit log #2389",billing,high
"Crash in SSO callback #2390",billing,urgent
"Timeout on audit log #2391",billing,normal
"Missing field in renewal flow #2392",reports,high
"Timeout on seat assignment #2393",auth,urgent
"Timeout on webhook retry #2394",auth,normal
"Timeout on monthly export #2395",api,low
"Timeout on SSO callback #2396",auth,high
"Slow response from invoice PDF #2397",auth,low
"Timeout on audit log #2398",auth,low
"Wrong total in webhook retry #2399",api,urgent
"Bad encoding in renewal flow #2400",billing,low
"Wrong total in monthly export #2401",mobile,low
"Timeout on SSO callback #2402",reports,high
"Crash in usage report #2403",api,urgent
"Missing field in seat assignment #2404",billing,normal
"Timeout on seat assignment #2405",onboarding,low
"Missing field in usage report #2406",docs,urgent
"Slow response from usage report #2407",auth,low
"Slow response from audit log #2408",api,urgent
"Timeout on monthly export #2409",billing,high
"Missing field in seat assignment #2410",onboarding,urgent
"Crash in SSO callback #2411",reports,low
"Missing field in monthly export #2412",api,low
"Slow response from webhook retry #2413",docs,urgent
"Wrong total in audit log #2414",reports,high
"Wrong total in invoice PDF #2415",mobile,high
"Wrong total in invoice PDF #2416",billing,low
"Timeout on invoice PDF #2417",reports,urgent
"Missing field in invoice PDF #2418",auth,urgent
"Missing field in webhook retry #2419",onboarding,low
"Crash in seat assignment #2420",api,low
"Timeout on webhook retry #2421",api,high
"Bad encoding in renewal flow #2422",reports,urgent
"Broken link in usage report #2423",docs,low
"Slow response from audit log #2424",reports,low
"Broken link in renewal flow #2425",docs,urgent
"Timeout on audit log #2426",reports,normal
"Timeout on renewal flow #2427",api,urgent
"Missing field in webhook retry #2428",onboarding,normal
"Timeout on usage report #2429",billing,high
"Crash in usage report #2430",api,low
"Crash in renewal flow #2431",billing,urgent
"Broken link in renewal flow #2432",api,normal
"Timeout on audit log #2433",billing,low
"Slow response from monthly export #2434",auth,low
"Missing field in seat assignment #2435",onboarding,urgent
"Missing field in monthly export #2436",auth,high
"Timeout on SSO callback #2437",billing,urgent
"Timeout on audit log #2438",auth,high
"Wrong total in seat assignment #2439",mobile,low
"Crash in webhook retry #2440",auth,low
"Timeout on usage report #2441",reports,urgent
"Timeout on audit log #2442",mobile,normal
"Bad encoding in monthly export #2443",docs,high
"Missing field in invoice PDF #2444",mobile,normal
"Broken link in invoice PDF #2445",docs,high
"Crash in webhook retry #2446",auth,normal
"Missing field in seat assignment #2447",reports,urgent
"Timeout on invoice PDF #2448",docs,low
"Missing field in invoice PDF #2449",billing,low
"Timeout on seat assignment #2450",auth,high
"Timeout on usage report #2451",docs,normal
"Slow response from monthly export #2452",billing,urgent
"Wrong total in invoice PDF #2453",reports,low
"Slow response from seat assignment #2454",docs,normal
"Broken link in renewal flow #2455",mobile,high
"Broken link in renewal flow #2456",reports,low
"Crash in audit log #2457",auth,urgent
"Bad encoding in webhook retry #2458",reports,urgent
"Bad encoding in SSO callback #2459",mobile,normal
"Slow response from invoice PDF #2460",reports,normal
"Missing field in renewal flow #2461",docs,high
"Missing field in SSO callback #2462",onboarding,high
"Broken link in usage report #2463",api,urgent
"Timeout on renewal flow #2464",reports,low
"Crash in monthly export #2465",api,low
"Broken link in invoice PDF #2466",onboarding,normal
"Bad encoding in renewal flow #2467",reports,low
"Slow response from audit log #2468",reports,normal
"Timeout on SSO callback #2469",reports,high
"Timeout on SSO callback #2470",docs,normal
"Missing field in invoice PDF #2471",onboarding,low
"Crash in webhook retry #2472",billing,normal
"Broken link in usage report #2473",reports,high
"Slow response from audit log #2474",api,high
"Wrong total in renewal flow #2475",onboarding,low
"Broken link in SSO callback #2476",auth,high
"Slow response from seat assignment #2477",billing,normal
"Slow response from webhook retry #2478",billing,high
"Slow response from monthly export #2479",auth,high
"Bad encoding in monthly export #2480",reports,normal
"Slow response from seat assignment #2481",onboarding,normal
"Bad encoding in audit log #2482",billing,high
"Broken link in webhook retry #2483",reports,urgent
"Slow response from renewal flow #2484",billing,low
"Broken link in audit log #2485",mobile,low
"Slow response from monthly export #2486",reports,urgent
"Missing field in SSO callback #2487",api,normal
"Crash in seat assignment #2488",api,urgent
"Bad encoding in invoice PDF #2489",mobile,urgent
"Wrong total in webhook retry #2490",auth,low
"Bad encoding in usage report #2491",docs,low
"Timeout on usage report #2492",auth,low
"Crash in monthly export #2493",onboarding,high
"Slow response from usage report #2494",billing,urgent
"Broken link in usage report #2495",reports,urgent
"Bad encoding in invoice PDF #2496",billing,normal
"Crash in monthly export #2497",onboarding,high
"Wrong total in audit log #2498",billing,high
"Crash in audit log #2499",auth,high
"Broken link in webhook retry #2500",reports,low
"Missing field in seat assignment #2501",docs,high
"Missing field in webhook retry #2502",docs,high
"Crash in usage report #2503",docs,low
"Missing field in SSO callback #2504",docs,normal
"Missing field in monthly export #2505",api,normal
"Crash in audit log #2506",auth,normal
"Bad encoding in webhook retry #2507",onboarding,normal
"Broken link in monthly export #2508",mobile,high
"Timeout on SSO callback #2509",mobile,urgent
"Broken link in seat assignment #2510",mobile,low
"Bad encoding in audit log #2511",docs,high
"Timeout on SSO callback #2512",billing,urgent
"Bad encoding in SSO callback #2513",onboarding,high
"Missing field in audit log #2514",api,high
"Timeout on webhook retry #2515",onboarding,normal
"Timeout on webhook retry #2516",reports,urgent
"Wrong total in usage report #2517",billing,normal
"Wrong total in audit log #2518",onboarding,high
"Slow response from invoice PDF #2519",api,high
"Broken link in monthly export #2520",docs,normal
"Crash in seat assignment #2521",reports,normal
"Timeout on invoice PDF #2522",onboarding,urgent
"Slow response from invoice PDF #2523",onboarding,high
"Timeout on SSO callback #2524",auth,normal
"Slow response from audit log #2525",billing,low
"Wrong total in seat assignment #2526",api,normal
"Broken link in monthly export #2527",api,high
"Wrong total in renewal flow #2528",auth,normal
"Crash in monthly export #2529",billing,low
"Crash in seat assignment #2530",reports,low
"Slow response from seat assignment #2531",reports,urgent
"Crash in renewal flow #2532",docs,low
"Broken link in audit log #2533",billing,high
"Wrong total in usage report #2534",api,low
"Slow response from webhook retry #2535",api,low
"Wrong total in monthly export #2536",api,low
"Broken link in renewal flow #2537",onboarding,normal
"Wrong total in SSO callback #2538",api,urgent
"Slow response from monthly export #2539",billing,urgent
"Bad encoding in seat assignment #2540",onboarding,low
"Wrong total in seat assignment #2541",billing,normal
"Timeout on usage report #2542",onboarding,low
"Slow response from seat assignment #2543",auth,low
"Crash in seat assignment #2544",auth,urgent
"Crash in seat assignment #2545",api,low
"Crash in usage report #2546",api,high
"Broken link in renewal flow #2547",docs,high
"Slow response from webhook retry #2548",reports,urgent
"Timeout on SSO callback #2549",auth,high
"Slow response from renewal flow #2550",mobile,urgent
"Bad encoding in seat assignment #2551",docs,high
"Bad encoding in usage report #2552",mobile,normal
"Timeout on renewal flow #2553",auth,urgent
"Slow response from SSO callback #2554",api,normal
"Timeout on renewal flow #2555",api,normal
"Timeout on monthly export #2556",reports,urgent
"Bad encoding in renewal flow #2557",api,high
"Crash in SSO callback #2558",api,urgent
"Broken link in monthly export #2559",docs,normal
"Crash in SSO callback #2560",onboarding,urgent
"Crash in SSO callback #2561",api,urgent
"Missing field in audit log #2562",billing,low
"Slow response from monthly export #2563",reports,urgent
"Bad encoding in webhook retry #2564",docs,normal
"Bad encoding in seat assignment #2565",auth,normal
"Missing field in webhook retry #2566",docs,urgent
"Missing field in seat assignment #2567",docs,low
"Broken link in usage report #2568",auth,urgent
"Broken link in seat assignment #2569",reports,urgent
"Bad encoding in renewal flow #2570",auth,high
"Missing field in invoice PDF #2571",auth,normal
"Timeout on SSO callback #2572",auth,high
"Wrong total in SSO callback #2573",api,normal
"Timeout on invoice PDF #2574",api,high
"Wrong total in invoice PDF #2575",auth,urgent
"Slow response from webhook retry #2576",onboarding,low
"Timeout on renewal flow #2577",mobile,low
"Bad encoding in seat assignment #2578",reports,normal
"Bad encoding in monthly export #2579",docs,normal
"Timeout on monthly export #2580",billing,urgent
"Timeout on invoice PDF #2581",docs,low
"Bad encoding in invoice PDF #2582",billing,urgent
"Missing field in seat assignment #2583",billing,normal
"Wrong total in seat assignment #2584",onboarding,normal
"Timeout on audit log #2585",mobile,high
"Slow response from renewal flow #2586",onboarding,normal
"Wrong total in SSO callback #2587",billing,low
"Wrong total in webhook retry #2588",onboarding,high
"Timeout on SSO callback #2589",auth,high
"Missing field in SSO callback #2590",api,urgent
"Wrong total in audit log #2591",docs,low
"Broken link in SSO callback #2592",auth,urgent
"Timeout on webhook retry #2593",api,normal
"Wrong total in webhook retry #2594",reports,low
"Wrong total in webhook retry #2595",reports,low
"Missing field in SSO callback #2596",onboarding,high
"Slow response from audit log #2597",billing,high
"Bad encoding in invoice PDF #2598",api,high
"Crash in webhook retry #2599",mobile,urgent
"Slow response from invoice PDF #2600",auth,normal
"Missing field in renewal flow #2601",auth,high
"Crash in SSO callback #2602",reports,low
"Broken link in seat assignment #2603",api,low
"Slow response from monthly export #2604",reports,high
"Broken link in webhook retry #2605",auth,normal
"Broken link in audit log #2606",mobile,low
"Crash in invoice PDF #2607",reports,low
"Crash in SSO callback #2608",mobile,urgent
"Broken link in invoice PDF #2609",api,urgent
"Timeout on monthly export #2610",onboarding,urgent
"Wrong total in invoice PDF #2611",reports,low
"Bad encoding in usage report #2612",billing,low
"Bad encoding in invoice PDF #2613",auth,low
"Bad encoding in webhook retry #2614",docs,urgent
"Bad encoding in audit log #2615",api,normal
"Crash in usage report #2616",api,urgent
"Slow response from webhook retry #2617",reports,urgent
"Bad encoding in monthly export #2618",onboarding,high
"Crash in invoice PDF #2619",mobile,low
"Slow response from monthly export #2620",mobile,low
"Broken link in invoice PDF #2621",docs,normal
"Missing field in seat assignment #2622",billing,low
"Missing field in invoice PDF #2623",docs,normal
"Timeout on invoice PDF #2624",onboarding,urgent
"Bad encoding in monthly export #2625",reports,urgent
"Missing field in seat assignment #2626",mobile,high
"Crash in renewal flow #2627",billing,low
"Timeout on invoice PDF #2628",docs,low
"Timeout on webhook retry #2629",api,normal
"Bad encoding in audit log #2630",onboarding,low
"Crash in renewal flow #2631",onboarding,low
"Slow response from webhook retry #2632",mobile,high
"Wrong total in monthly export #2633",onboarding,high
"Bad encoding in seat assignment #2634",api,normal
"Wrong total in SSO callback #2635",auth,urgent
"Timeout on renewal flow #2636",api,low
"Timeout on seat assignment #2637",mobile,normal
"Missing field in monthly export #2638",reports,high
"Bad encoding in renewal flow #2639",api,urgent
"Slow response from invoice PDF #2640",reports,high
"Crash in usage report #2641",onboarding,high
"Crash in SSO callback #2642",auth,low
"Missing field in audit log #2643",onboarding,high
"Crash in SSO callback #2644",billing,urgent
"Missing field in usage report #2645",reports,urgent
"Wrong total in seat assignment #2646",reports,high
"Missing field in monthly export #2647",mobile,low
"Slow response from renewal flow #2648",auth,normal
"Crash in audit log #2649",billing,high
"Missing field in invoice PDF #2650",docs,low
"Bad encoding in webhook retry #2651",auth,low
"Slow response from invoice PDF #2652",onboarding,urgent
"Slow response from monthly export #2653",onboarding,low
"Slow response from audit log #2654",billing,normal
"Timeout on SSO callback #2655",onboarding,low
"Slow response from seat assignment #2656",onboarding,normal
"Crash in invoice PDF #2657",billing,urgent
"Timeout on seat assignment #2658",billing,low
"Missing field in webhook retry #2659",auth,low
"Slow response from SSO callback #2660",docs,normal
"Bad encoding in invoice PDF #2661",mobile,urgent
"Wrong total in usage report #2662",docs,normal
"Broken link in monthly export #2663",billing,high
"Slow response from webhook retry #2664",api,urgent
"Crash in invoice PDF #2665",reports,normal
"Slow response from webhook retry #2666",docs,low
"Broken link in monthly export #2667",auth,low
"Broken link in seat assignment #2668",billing,low
"Bad encoding in renewal flow #2669",mobile,urgent
"Timeout on invoice PDF #2670",docs,high
"Missing field in audit log #2671",auth,urgent
"Missing field in seat assignment #2672",auth,high
"Missing field in audit log #2673",auth,high
"Bad encoding in usage report #2674",api,low
"Bad encoding in audit log #2675",mobile,normal
"Broken link in usage report #2676",docs,high
"Missing field in seat assignment #2677",onboarding,urgent
"Broken link in audit log #2678",auth,high
"Wrong total in renewal flow #2679",billing,normal
"Missing field in audit log #2680",auth,urgent
"Broken link in monthly export #2681",mobile,urgent
"Wrong total in webhook retry #2682",reports,low
"Missing field in invoice PDF #2683",billing,normal
"Bad encoding in invoice PDF #2684",reports,normal
"Crash in usage report #2685",auth,low
"Crash in renewal flow #2686",api,normal
"Timeout on SSO callback #2687",reports,urgent
"Crash in monthly export #2688",api,low
"Bad encoding in webhook retry #2689",mobile,normal
"Wrong total in webhook retry #2690",auth,low
"Timeout on SSO callback #2691",auth,normal
"Bad encoding in monthly export #2692",billing,low
"Missing field in monthly export #2693",billing,normal
"Crash in monthly export #2694",billing,urgent
"Slow response from invoice PDF #2695",billing,low
"Slow response from invoice PDF #2696",onboarding,high
"Crash in renewal flow #2697",billing,low
"Slow response from monthly export #2698",api,normal
"Broken link in invoice PDF #2699",mobile,normal
"Bad encoding in SSO callback #2700",auth,normal
"Crash in renewal flow #2701",api,urgent
"Crash in invoice PDF #2702",auth,low
"Wrong total in invoice PDF #2703",billing,urgent
"Crash in audit log #2704",mobile,urgent
"Timeout on monthly export #2705",onboarding,high
"Slow response from monthly export #2706",mobile,urgent
"Crash in seat assignment #2707",onboarding,urgent
"Timeout on webhook retry #2708",api,urgent
"Broken link in webhook retry #2709",reports,urgent
"Timeout on webhook retry #2710",onboarding,high
"Bad encoding in webhook retry #2711",mobile,urgent
"Wrong total in monthly export #2712",billing,normal
"Crash in SSO callback #2713",onboarding,urgent
"Broken link in monthly export #2714",mobile,urgent
"Crash in SSO callback #2715",reports,low
"Timeout on monthly export #2716",docs,high
"Crash in monthly export #2717",onboarding,normal
"Bad encoding in monthly export #2718",api,normal
"Wrong total in SSO callback #2719",reports,high
"Broken link in invoice PDF #2720",mobile,urgent
"Timeout on invoice PDF #2721",onboarding,low
"Timeout on audit log #2722",api,low
"Missing field in usage report #2723",mobile,low
"Bad encoding in SSO callback #2724",api,low
"Crash in audit log #2725",api,normal
"Bad encoding in monthly export #2726",auth,normal
"Bad encoding in usage report #2727",auth,high
"Slow response from monthly export #2728",docs,urgent
"Crash in renewal flow #2729",billing,urgent
"Timeout on renewal flow #2730",billing,normal
"Bad encoding in monthly export #2731",billing,high
"Slow response from audit log #2732",api,normal
"Timeout on SSO callback #2733",auth,normal
"Broken link in renewal flow #2734",billing,urgent
"Crash in audit log #2735",onboarding,low
"Slow response from monthly export #2736",billing,low
"Slow response from renewal flow #2737",onboarding,urgent
"Timeout on webhook retry #2738",api,high
"Missing field in renewal flow #2739",api,urgent
"Missing field in usage report #2740",reports,urgent
"Timeout on usage report #2741",billing,urgent
"Wrong total in SSO callback #2742",docs,high
"Bad encoding in usage report #2743",mobile,low
"Broken link in renewal flow #2744",mobile,normal
"Wrong total in webhook retry #2745",billing,normal
"Wrong total in invoice PDF #2746",reports,low
"Timeout on SSO callback #2747",billing,high
"Slow response from SSO callback #2748",api,urgent
"Bad encoding in renewal flow #2749",billing,normal
"Bad encoding in audit log #2750",onboarding,high
"Wrong total in renewal flow #2751",billing,low
"Slow response from usage report #2752",api,urgent
"Wrong total in audit log #2753",auth,high
"Wrong total in audit log #2754",onboarding,urgent
"Broken link in seat assignment #2755",api,low
"Wrong total in SSO callback #2756",api,high
"Bad encoding in monthly export #2757",docs,high
"Slow response from seat assignment #2758",api,urgent
"Broken link in webhook retry #2759",billing,high
"Wrong total in renewal flow #2760",docs,high
"Missing field in usage report #2761",mobile,normal
"Bad encoding in audit log #2762",docs,normal
"Slow response from audit log #2763",auth,urgent
"Missing field in usage report #2764",api,high
"Crash in renewal flow #2765",api,normal
"Wrong total in seat assignment #2766",mobile,low
"Timeout on monthly export #2767",docs,normal
"Bad encoding in usage report #2768",reports,low
"Bad encoding in invoice PDF #2769",auth,normal
"Wrong total in audit log #2770",onboarding,low
"Slow response from SSO callback #2771",docs,urgent
"Missing field in renewal flow #2772",mobile,high
"Broken link in seat assignment #2773",reports,normal
"Missing field in monthly export #2774",onboarding,normal
"Bad encoding in audit log #2775",docs,high
"Broken link in SSO callback #2776",docs,normal
"Bad encoding in renewal flow #2777",mobile,urgent
"Timeout on seat assignment #2778",mobile,urgent
"Slow response from seat assignment #2779",billing,low
"Crash in audit log #2780",api,normal
"Slow response from renewal flow #2781",docs,normal
"Missing field in seat assignment #2782",reports,normal
"Wrong total in invoice PDF #2783",onboarding,high
"Missing field in audit log #2784",billing,normal
"Timeout on invoice PDF #2785",mobile,high
"Timeout on webhook retry #2786",mobile,normal
"Bad encoding in renewal flow #2787",onboarding,urgent
"Broken link in webhook retry #2788",auth,low
"Broken link in webhook retry #2789",docs,normal
"Timeout on invoice PDF #2790",auth,low
"Crash in seat assignment #2791",billing,normal
"Broken link in webhook retry #2792",mobile,high
"Wrong total in invoice PDF #2793",mobile,urgent
"Slow response from webhook retry #2794",api,low
"Missing field in renewal flow #2795",billing,urgent
"Timeout on monthly export #2796",api,normal
"Broken link in renewal flow #2797",onboarding,low
"Crash in invoice PDF #2798",auth,urgent
"Bad encoding in audit log #2799",reports,low
"Missing field in audit log #2800",billing,low
"Crash in webhook retry #2801",mobile,low
"Slow response from audit log #2802",auth,normal
"Timeout on invoice PDF #2803",docs,urgent
"Timeout on renewal flow #2804",api,low
"Missing field in seat assignment #2805",reports,high
"Missing field in usage report #2806",reports,urgent
"Crash in usage report #2807",auth,high
"Missing field in renewal flow #2808",docs,high
"Bad encoding in webhook retry #2809",auth,low
"Wrong total in invoice PDF #2810",onboarding,normal
"Missing field in seat assignment #2811",billing,high
"Crash in monthly export #2812",docs,normal
"Broken link in invoice PDF #2813",mobile,urgent
"Crash in monthly export #2814",api,high
"Timeout on renewal flow #2815",onboarding,low
"Broken link in seat assignment #2816",billing,normal
"Wrong total in renewal flow #2817",auth,high
"Slow response from monthly export #2818",auth,urgent
"Timeout on seat assignment #2819",billing,urgent
"Slow response from SSO callback #2820",docs,high
"Slow response from webhook retry #2821",onboarding,normal
"Crash in usage report #2822",billing,normal
"Bad encoding in SSO callback #2823",reports,high
"Broken link in usage report #2824",billing,normal
"Bad encoding in renewal flow #2825",reports,low
"Crash in audit log #2826",api,high
"Broken link in invoice PDF #2827",mobile,low
"Missing field in monthly export #2828",api,urgent
"Broken link in invoice PDF #2829",onboarding,high
"Broken link in usage report #2830",api,urgent
"Wrong total in audit log #2831",auth,low
"Crash in monthly export #2832",docs,low
"Missing field in usage report #2833",mobile,low
"Missing field in webhook retry #2834",api,urgent
"Missing field in renewal flow #2835",billing,normal
"Crash in audit log #2836",mobile,normal
"Wrong total in webhook retry #2837",docs,normal
"Missing field in audit log #2838",mobile,high
"Slow response from monthly export #2839",onboarding,high
"Slow response from SSO callback #2840",docs,urgent
"Slow response from invoice PDF #2841",docs,high
"Crash in renewal flow #2842",auth,urgent
"Crash in renewal flow #2843",docs,normal
"Broken link in seat assignment #2844",mobile,urgent
"Missing field in SSO callback #2845",auth,urgent
"Crash in webhook retry #2846",mobile,high
"Timeout on invoice PDF #2847",reports,urgent
"Slow response from invoice PDF #2848",docs,high
"Timeout on renewal flow #2849",reports,normal
"Broken link in monthly export #2850",reports,normal
"Broken link in monthly export #2851",api,urgent
"Bad encoding in invoice PDF #2852",api,low
"Crash in renewal flow #2853",billing,low
"Broken link in invoice PDF #2854",docs,normal
"Wrong total in usage report #2855",auth,high
"Broken link in SSO callback #2856",docs,normal
"Broken link in monthly export #2857",billing,high
"Wrong total in monthly export #2858",auth,low
"Bad encoding in SSO callback #2859",mobile,high
"Timeout on SSO callback #2860",mobile,high
"Bad encoding in audit log #2861",reports,low
"Missing field in SSO callback #2862",mobile,high
"Missing field in audit log #2863",auth,urgent
"Missing field in webhook retry #2864",auth,urgent
"Slow response from seat assignment #2865",docs,high
"Bad encoding in monthly export #2866",onboarding,urgent
"Wrong total in SSO callback #2867",docs,high
"Broken link in audit log #2868",onboarding,high
"Crash in monthly export #2869",mobile,urgent
"Wrong total in renewal flow #2870",reports,high
"Missing field in renewal flow #2871",auth,low
"Missing field in seat assignment #2872",reports,low
"Crash in audit log #2873",onboarding,low
"Crash in audit log #2874",docs,low
"Wrong total in seat assignment #2875",onboarding,normal
"Bad encoding in usage report #2876",docs,high
"Broken link in seat assignment #2877",mobile,urgent
"Missing field in webhook retry #2878",docs,urgent
"Timeout on SSO callback #2879",docs,high
"Bad encoding in usage report #2880",api,low
"Bad encoding in invoice PDF #2881",api,low
"Bad encoding in webhook retry #2882",reports,urgent
"Crash in renewal flow #2883",onboarding,urgent
"Broken link in SSO callback #2884",auth,normal
"Crash in webhook retry #2885",api,urgent
"Broken link in audit log #2886",onboarding,urgent
"Bad encoding in seat assignment #2887",docs,urgent
"Crash in webhook retry #2888",mobile,normal
"Wrong total in renewal flow #2889",docs,high
"Missing field in webhook retry #2890",reports,urgent
"Slow response from SSO callback #2891",reports,normal
"Timeout on invoice PDF #2892",billing,low
"Crash in webhook retry #2893",onboarding,urgent
"Broken link in usage report #2894",docs,urgent
"Crash in webhook retry #2895",reports,urgent
"Missing field in audit log #2896",reports,normal
"Broken link in webhook retry #2897",onboarding,low
"Wrong total in SSO callback #2898",onboarding,high
"Bad encoding in monthly export #2899",onboarding,urgent
"Broken link in webhook retry #2900",onboarding,high
"Timeout on seat assignment #2901",mobile,normal
"Timeout on audit log #2902",mobile,high
"Wrong total in renewal flow #2903",api,low
"Missing field in invoice PDF #2904",api,high
"Crash in webhook retry #2905",mobile,urgent
"Wrong total in renewal flow #2906",api,low
"Slow response from usage report #2907",mobile,urgent
"Timeout on usage report #2908",api,urgent
"Missing field in webhook retry #2909",docs,normal
"Timeout on monthly export #2910",docs,normal
"Broken link in webhook retry #2911",reports,normal
"Missing field in SSO callback #2912",billing,low
"Missing field in invoice PDF #2913",reports,normal
"Broken link in invoice PDF #2914",billing,high
"Timeout on audit log #2915",reports,normal
"Missing field in renewal flow #2916",docs,urgent
"Crash in SSO callback #2917",auth,low
"Missing field in audit log #2918",billing,high
"Wrong total in SSO callback #2919",auth,urgent
"Broken link in renewal flow #2920",billing,high
"Timeout on seat assignment #2921",api,high
"Slow response from seat assignment #2922",docs,high
"Broken link in audit log #2923",reports,high
"Broken link in usage report #2924",auth,low
"Missing field in webhook retry #2925",mobile,urgent
"Wrong total in invoice PDF #2926",billing,normal
"Timeout on seat assignment #2927",mobile,normal
"Wrong total in webhook retry #2928",docs,normal
"Slow response from invoice PDF #2929",reports,high
"Broken link in seat assignment #2930",mobile,normal
"Crash in seat assignment #2931",mobile,urgent
"Timeout on usage report #2932",api,normal
"Bad encoding in invoice PDF #2933",api,urgent
"Slow response from renewal flow #2934",auth,urgent
"Bad encoding in seat assignment #2935",mobile,high
"Broken link in invoice PDF #2936",reports,low
"Crash in webhook retry #2937",docs,high
"Timeout on SSO callback #2938",billing,low
"Crash in seat assignment #2939",onboarding,urgent
"Broken link in SSO callback #2940",onboarding,high
"Wrong total in SSO callback #2941",docs,low
"Bad encoding in invoice PDF #2942",docs,low
"Slow response from renewal flow #2943",auth,normal
"Broken link in monthly export #2944",billing,low
"Slow response from SSO callback #2945",mobile,normal
"Slow response from renewal flow #2946",billing,high
"Wrong total in usage report #2947",auth,low
"Timeout on monthly export #2948",onboarding,normal
"Slow response from audit log #2949",docs,high
"Broken link in renewal flow #2950",onboarding,high
"Missing field in SSO callback #2951",onboarding,low
"Timeout on monthly export #2952",onboarding,urgent
"Wrong total in seat assignment #2953",onboarding,normal
"Timeout on audit log #2954",api,low
"Timeout on monthly export #2955",mobile,urgent
"Wrong total in SSO callback #2956",reports,urgent
"Timeout on seat assignment #2957",onboarding,normal
"Broken link in renewal flow #2958",reports,low
"Timeout on invoice PDF #2959",auth,normal
"Wrong total in invoice PDF #2960",auth,high
"Crash in webhook retry #2961",mobile,low
"Broken link in SSO callback #2962",mobile,high
"Missing field in invoice PDF #2963",onboarding,normal
"Broken link in invoice PDF #2964",api,low
"Crash in invoice PDF #2965",billing,normal
"Slow response from renewal flow #2966",reports,high
"Bad encoding in usage report #2967",billing,high
"Slow response from invoice PDF #2968",billing,urgent
"Slow response from SSO callback #2969",mobile,urgent
"Crash in renewal flow #2970",onboarding,urgent
"Bad encoding in monthly export #2971",auth,low
"Broken link in SSO callback #2972",reports,low
"Missing field in usage report #2973",docs,normal
"Bad encoding in usage report #2974",billing,normal
"Broken link in audit log #2975",api,high
"Timeout on renewal flow #2976",mobile,high
"Crash in renewal flow #2977",mobile,normal
"Crash in invoice PDF #2978",auth,low
"Missing field in monthly export #2979",onboarding,low
"Missing field in invoice PDF #2980",docs,urgent
"Slow response from seat assignment #2981",billing,high
"Bad encoding in seat assignment #2982",api,high
"Wrong total in renewal flow #2983",auth,low
"Crash in usage report #2984",billing,normal
"Crash in audit log #2985",auth,urgent
"Timeout on usage report #2986",onboarding,low
"Broken link in SSO callback #2987",mobile,low
"Slow response from renewal flow #2988",mobile,low
"Crash in audit log #2989",auth,urgent
"Crash in SSO callback #2990",auth,normal
"Crash in invoice PDF #2991",docs,urgent
"Crash in SSO callback #2992",api,high
"Broken link in monthly export #2993",reports,low
"Wrong total in seat assignment #2994",auth,urgent
"Slow response from SSO callback #2995",reports,low
"Wrong total in usage report #2996",mobile,low
"Wrong total in webhook retry #2997",auth,urgent
"Slow response from monthly export #2998",api,urgent
"Broken link in webhook retry #2999",onboarding,high
"Broken link in renewal flow #3000",api,urgent
"Slow response from usage report #3001",billing,low
"Slow response from seat assignment #3002",mobile,high
"Broken link in seat assignment #3003",docs,low
"Broken link in SSO callback #3004",onboarding,urgent
"Bad encoding in audit log #3005",auth,high
"Wrong total in SSO callback #3006",reports,high
"Missing field in webhook retry #3007",onboarding,high
"Crash in renewal flow #3008",api,normal
"Crash in seat assignment #3009",auth,urgent
"Bad encoding in renewal flow #3010",api,low
"Bad encoding in invoice PDF #3011",docs,normal
"Slow response from invoice PDF #3012",billing,low
"Missing field in SSO callback #3013",reports,urgent
"Crash in audit log #3014",onboarding,high
"Crash in SSO callback #3015",auth,urgent
"Bad encoding in invoice PDF #3016",auth,normal
"Missing field in renewal flow #3017",reports,urgent
"Timeout on SSO callback #3018",onboarding,urgent
"Missing field in usage report #3019",onboarding,urgent
"Broken link in monthly export #3020",onboarding,normal
"Crash in renewal flow #3021",auth,normal
"Bad encoding in invoice PDF #3022",mobile,high
"Crash in SSO callback #3023",mobile,high
"Missing field in seat assignment #3024",reports,high
"Bad encoding in usage report #3025",auth,normal
"Wrong total in usage report #3026",api,normal
"Wrong total in monthly export #3027",reports,low
"Timeout on seat assignment #3028",docs,low
"Broken link in audit log #3029",billing,normal
"Slow response from audit log #3030",auth,low
"Slow response from monthly export #3031",docs,high
"Crash in seat assignment #3032",onboarding,low
"Slow response from webhook retry #3033",docs,high
"Broken link in usage report #3034",reports,high
"Slow response from invoice PDF #3035",billing,high
"Slow response from SSO callback #3036",api,low
"Broken link in usage report #3037",api,urgent
"Crash in seat assignment #3038",docs,low
"Crash in SSO callback #3039",billing,high
"Missing field in webhook retry #3040",auth,low
"Broken link in SSO callback #3041",auth,low
"Wrong total in usage report #3042",auth,low
"Wrong total in renewal flow #3043",api,high
"Wrong total in invoice PDF #3044",docs,urgent
"Wrong total in usage report #3045",api,normal
"Missing field in audit log #3046",docs,normal
"Bad encoding in usage report #3047",reports,normal
"Timeout on monthly export #3048",reports,low
"Wrong total in usage report #3049",docs,low
"Missing field in SSO callback #3050",auth,normal
"Timeout on invoice PDF #3051",auth,low
"Bad encoding in webhook retry #3052",docs,normal
"Crash in audit log #3053",onboarding,low
"Missing field in webhook retry #3054",billing,high
"Broken link in seat assignment #3055",reports,normal
"Missing field in monthly export #3056",docs,high
"Crash in seat assignment #3057",api,urgent
"Timeout on audit log #3058",docs,low
"Missing field in seat assignment #3059",auth,urgent
"Missing field in usage report #3060",mobile,urgent
"Broken link in usage report #3061",mobile,low
"Missing field in monthly export #3062",reports,urgent
"Broken link in seat assignment #3063",docs,low
"Wrong total in renewal flow #3064",mobile,urgent
"Broken link in invoice PDF #3065",onboarding,low
"Missing field in usage report #3066",api,urgent
"Timeout on renewal flow #3067",onboarding,normal
"Wrong total in SSO callback #3068",api,high
"Slow response from usage report #3069",mobile,urgent
"Bad encoding in invoice PDF #3070",docs,normal
"Broken link in SSO callback #3071",billing,urgent
"Timeout on webhook retry #3072",billing,high
"Timeout on audit log #3073",mobile,urgent
"Missing field in SSO callback #3074",billing,low
"Slow response from invoice PDF #3075",api,high
"Timeout on seat assignment #3076",docs,low
"Broken link in invoice PDF #3077",billing,normal
"Missing field in webhook retry #3078",onboarding,high
"Broken link in usage report #3079",mobile,low
"Timeout on monthly export #3080",mobile,low
"Wrong total in usage report #3081",mobile,high
"Missing field in renewal flow #3082",api,high
"Missing field in usage report #3083",docs,high
"Missing field in webhook retry #3084",api,urgent
"Missing field in monthly export #3085",docs,high
"Slow response from audit log #3086",mobile,normal
"Broken link in seat assignment #3087",reports,high
"Slow response from monthly export #3088",api,urgent
"Missing field in webhook retry #3089",api,low
"Bad encoding in webhook retry #3090",onboarding,normal
"Slow response from usage report #3091",api,normal
"Wrong total in SSO callback #3092",onboarding,low
"Missing field in usage report #3093",onboarding,normal
"Slow response from audit log #3094",reports,low
"Bad encoding in renewal flow #3095",docs,high
"Timeout on usage report #3096",mobile,urgent
"Slow response from invoice PDF #3097",billing,high
"Wrong total in audit log #3098",api,urgent
"Broken link in monthly export #3099",billing,urgent
"Broken link in invoice PDF #3100",docs,high
"Missing field in usage report #3101",docs,low
"Timeout on monthly export #3102",billing,urgent
"Bad encoding in seat assignment #3103",docs,urgent
"Missing field in renewal flow #3104",billing,low
"Broken link in renewal flow #3105",docs,high
"Crash in seat assignment #3106",billing,normal
"Crash in invoice PDF #3107",mobile,normal
"Broken link in SSO callback #3108",reports,low
"Broken link in invoice PDF #3109",auth,normal
"Bad encoding in renewal flow #3110",mobile,high
"Missing field in seat assignment #3111",onboarding,normal
"Bad encoding in renewal flow #3112",mobile,low
"Bad encoding in seat assignment #3113",mobile,urgent
"Timeout on SSO callback #3114",api,low
"Missing field in audit log #3115",docs,urgent
"Slow response from monthly export #3116",mobile,low
"Bad encoding in seat assignment #3117",mobile,low
"Timeout on monthly export #3118",docs,urgent
"Bad encoding in seat assignment #3119",auth,urgent
"Crash in usage report #3120",reports,normal
"Timeout on monthly export #3121",auth,low
"Slow response from invoice PDF #3122",mobile,low
"Slow response from renewal flow #3123",mobile,high
"Bad encoding in monthly export #3124",onboarding,urgent
"Wrong total in SSO callback #3125",mobile,normal
"Broken link in seat assignment #3126",billing,urgent
"Timeout on monthly export #3127",mobile,high
"Missing field in webhook retry #3128",auth,high
"Timeout on seat assignment #3129",auth,normal
"Broken link in SSO callback #3130",auth,low
"Wrong total in webhook retry #3131",billing,low
"Slow response from SSO callback #3132",auth,high
"Slow response from usage report #3133",billing,urgent
"Crash in webhook retry #3134",reports,low
"Broken link in SSO callback #3135",docs,high
"Broken link in renewal flow #3136",auth,high
"Slow response from usage report #3137",api,normal
"Crash in seat assignment #3138",auth,urgent
"Bad encoding in usage report #3139",onboarding,high
"Missing field in usage report #3140",auth,normal
"Missing field in usage report #3141",onboarding,normal
"Missing field in invoice PDF #3142",api,urgent
"Missing field in seat assignment #3143",auth,high
"Bad encoding in audit log #3144",reports,normal
"Broken link in renewal flow #3145",mobile,urgent
"Slow response from webhook retry #3146",mobile,high
"Slow response from usage report #3147",auth,low
"Broken link in usage report #3148",onboarding,high
"Missing field in monthly export #3149",api,urgent
"Crash in SSO callback #3150",api,urgent
"Missing field in webhook retry #3151",auth,urgent
"Slow response from seat assignment #3152",onboarding,normal
"Missing field in seat assignment #3153",billing,high
"Slow response from renewal flow #3154",mobile,high
"Wrong total in audit log #3155",docs,high
"Bad encoding in usage report #3156",mobile,urgent
"Wrong total in monthly export #3157",reports,high
"Broken link in audit log #3158",mobile,low
"Broken link in seat assignment #3159",api,urgent
"Wrong total in renewal flow #3160",billing,normal
"Slow response from renewal flow #3161",mobile,urgent
"Slow response from usage report #3162",reports,normal
"Broken link in usage report #3163",reports,urgent
"Missing field in webhook retry #3164",docs,low
"Crash in audit log #3165",api,high
"Crash in seat assignment #3166",api,normal
"Broken link in seat assignment #3167",onboarding,low
"Crash in webhook retry #3168",onboarding,normal
"Missing field in invoice PDF #3169",reports,low
"Timeout on webhook retry #3170",api,normal
"Missing field in invoice PDF #3171",onboarding,normal
"Crash in monthly export #3172",docs,low
"Wrong total in webhook retry #3173",onboarding,high
"Broken link in SSO callback #3174",onboarding,high
"Crash in audit log #3175",mobile,normal
"Wrong total in usage report #3176",api,normal
"Crash in invoice PDF #3177",auth,normal
"Wrong total in renewal flow #3178",api,normal
"Slow response from seat assignment #3179",auth,normal
"Crash in webhook retry #3180",api,urgent
"Timeout on webhook retry #3181",mobile,high
"Broken link in SSO callback #3182",auth,high
"Broken link in webhook retry #3183",api,normal
"Wrong total in seat assignment #3184",docs,normal
"Missing field in webhook retry #3185",billing,low
"Broken link in webhook retry #3186",docs,urgent
"Missing field in usage report #3187",docs,urgent
"Wrong total in monthly export #3188",billing,low
"Bad encoding in audit log #3189",reports,high
"Broken link in audit log #3190",docs,normal
"Wrong total in SSO callback #3191",docs,high
"Bad encoding in usage report #3192",auth,normal
"Timeout on webhook retry #3193",auth,urgent
"Crash in audit log #3194",auth,low
"Wrong total in seat assignment #3195",docs,low
"Wrong total in monthly export #3196",auth,normal
"Bad encoding in usage report #3197",docs,low
"Wrong total in monthly export #3198",reports,urgent
"Missing field in renewal flow #3199",api,low
"Missing field in invoice PDF #3200",docs,normal
"Timeout on usage report #3201",docs,normal
"Timeout on monthly export #3202",reports,normal
"Wrong total in monthly export #3203",onboarding,urgent
"Bad encoding in monthly export #3204",billing,normal
"Crash in usage report #3205",docs,urgent
"Missing field in SSO callback #3206",auth,high
"Crash in webhook retry #3207",reports,high
"Timeout on monthly export #3208",onboarding,urgent
"Wrong total in invoice PDF #3209",reports,normal
"Slow response from renewal flow #3210",api,low
"Wrong total in usage report #3211",reports,high
"Wrong total in renewal flow #3212",onboarding,urgent
"Bad encoding in audit log #3213",docs,normal
"Broken link in invoice PDF #3214",mobile,low
"Timeout on usage report #3215",reports,urgent
"Wrong total in usage report #3216",billing,high
"Slow response from webhook retry #3217",docs,low
"Missing field in SSO callback #3218",api,low
"Timeout on usage report #3219",docs,normal
"Crash in seat assignment #3220",api,high
"Missing field in usage report #3221",billing,low
"Bad encoding in usage report #3222",onboarding,high
"Slow response from invoice PDF #3223",docs,normal
"Slow response from seat assignment #3224",billing,urgent
"Slow response from audit log #3225",reports,low
"Slow response from usage report #3226",api,urgent
"Bad encoding in webhook retry #3227",api,low
"Broken link in webhook retry #3228",mobile,normal
"Slow response from audit log #3229",auth,high
"Slow response from webhook retry #3230",docs,low
"Broken link in monthly export #3231",auth,urgent
"Slow response from monthly export #3232",onboarding,normal
"Crash in renewal flow #3233",reports,high
"Crash in usage report #3234",api,urgent
"Missing field in invoice PDF #3235",api,high
"Missing field in seat assignment #3236",reports,urgent
"Missing field in renewal flow #3237",auth,urgent
"Crash in renewal flow #3238",reports,low
"Timeout on audit log #3239",mobile,low
"Crash in renewal flow #3240",billing,low
"Missing field in invoice PDF #3241",onboarding,low
"Crash in webhook retry #3242",mobile,urgent
"Broken link in SSO callback #3243",reports,urgent
"Timeout on renewal flow #3244",billing,urgent
"Crash in audit log #3245",reports,normal
"Slow response from SSO callback #3246",reports,normal
"Bad encoding in webhook retry #3247",docs,urgent
"Bad encoding in audit log #3248",docs,high
"Broken link in invoice PDF #3249",auth,high
"Missing field in invoice PDF #3250",reports,normal
"Bad encoding in SSO callback #3251",api,urgent
"Missing field in audit log #3252",billing,low
"Slow response from seat assignment #3253",reports,low
"Missing field in seat assignment #3254",api,high
"Crash in invoice PDF #3255",onboarding,high
"Missing field in SSO callback #3256",reports,normal
"Timeout on invoice PDF #3257",mobile,normal
"Slow response from usage report #3258",reports,normal
"Bad encoding in audit log #3259",api,low
"Bad encoding in renewal flow #3260",api,low
"Wrong total in usage report #3261",billing,normal
"Broken link in audit log #3262",api,low
"Slow response from seat assignment #3263",auth,urgent
"Bad encoding in seat assignment #3264",auth,low
"Broken link in audit log #3265",billing,normal
"Broken link in SSO callback #3266",auth,normal
"Missing field in seat assignment #3267",api,normal
"Bad encoding in audit log #3268",reports,low
"Broken link in SSO callback #3269",onboarding,normal
"Slow response from invoice PDF #3270",reports,urgent
"Wrong total in usage report #3271",reports,high
"Crash in audit log #3272",mobile,urgent
"Crash in webhook retry #3273",docs,low
"Crash in usage report #3274",reports,high
"Wrong total in SSO callback #3275",billing,low
"Wrong total in audit log #3276",reports,high
"Missing field in SSO callback #3277",reports,urgent
"Bad encoding in seat assignment #3278",api,urgent
"Timeout on seat assignment #3279",onboarding,high
"Timeout on monthly export #3280",mobile,normal
"Wrong total in SSO callback #3281",billing,high
"Timeout on renewal flow #3282",api,urgent
"Timeout on SSO callback #3283",auth,urgent
"Missing field in renewal flow #3284",docs,high
"Crash in SSO callback #3285",api,high
"Wrong total in usage report #3286",reports,normal
"Missing field in renewal flow #3287",mobile,urgent
"Timeout on invoice PDF #3288",mobile,urgent
"Timeout on usage report #3289",reports,urgent
"Missing field in webhook retry #3290",docs,high
"Bad encoding in SSO callback #3291",auth,normal
"Missing field in renewal flow #3292",api,high
"Slow response from monthly export #3293",auth,low
"Wrong total in invoice PDF #3294",reports,urgent
"Broken link in SSO callback #3295",auth,low
"Crash in webhook retry #3296",onboarding,low
"Bad encoding in renewal flow #3297",reports,high
"Timeout on usage report #3298",api,high
"Crash in seat assignment #3299",docs,normal
"Missing field in SSO callback #3300",mobile,high
"Broken link in SSO callback #3301",api,urgent
"Crash in audit log #3302",docs,urgent
"Bad encoding in webhook retry #3303",reports,high
"Broken link in webhook retry #3304",api,high
"Missing field in monthly export #3305",mobile,urgent
"Broken link in monthly export #3306",docs,normal
"Missing field in seat assignment #3307",api,low
"Timeout on webhook retry #3308",onboarding,normal
"Timeout on renewal flow #3309",auth,urgent
"Timeout on usage report #3310",billing,low
"Slow response from renewal flow #3311",auth,low
"Bad encoding in audit log #3312",mobile,urgent
"Crash in invoice PDF #3313",reports,normal
"Slow response from usage report #3314",reports,low
"Missing field in invoice PDF #3315",auth,urgent
"Bad encoding in renewal flow #3316",docs,normal
"Missing field in usage report #3317",auth,low
"Timeout on webhook retry #3318",docs,normal
"Timeout on usage report #3319",reports,urgent
"Broken link in audit log #3320",billing,low
"Wrong total in usage report #3321",reports,normal
"Timeout on webhook retry #3322",api,low
"Wrong total in invoice PDF #3323",auth,urgent
"Slow response from webhook retry #3324",reports,low
"Wrong total in audit log #3325",mobile,high
"Missing field in seat assignment #3326",mobile,normal
"Timeout on SSO callback #3327",auth,low
"Missing field in usage report #3328",onboarding,normal
"Missing field in usage report #3329",reports,urgent
"Slow response from seat assignment #3330",api,urgent
"Timeout on invoice PDF #3331",onboarding,high
"Slow response from audit log #3332",mobile,normal
"Wrong total in invoice PDF #3333",onboarding,normal
"Timeout on SSO callback #3334",mobile,high
"Slow response from audit log #3335",api,normal
"Crash in seat assignment #3336",docs,normal
"Missing field in webhook retry #3337",reports,normal
"Missing field in invoice PDF #3338",auth,normal
"Wrong total in usage report #3339",onboarding,low
"Wrong total in webhook retry #3340",auth,urgent
"Bad encoding in SSO callback #3341",onboarding,low
"Wrong total in seat assignment #3342",mobile,low
"Slow response from webhook retry #3343",docs,urgent
"Missing field in monthly export #3344",api,high
"Wrong total in SSO callback #3345",billing,urgent
"Bad encoding in invoice PDF #3346",docs,normal
"Bad encoding in seat assignment #3347",mobile,high
"Bad encoding in webhook retry #3348",billing,normal
"Bad encoding in seat assignment #3349",onboarding,low
"Bad encoding in SSO callback #3350",mobile,high
"Missing field in webhook retry #3351",docs,urgent
"Missing field in audit log #3352",reports,urgent
"Crash in monthly export #3353",onboarding,low
"Bad encoding in invoice PDF #3354",api,high
"Broken link in seat assignment #3355",docs,high
"Wrong total in invoice PDF #3356",mobile,low
"Missing field in usage report #3357",docs,normal
"Timeout on invoice PDF #3358",docs,high
"Timeout on audit log #3359",docs,low
"Broken link in monthly export #3360",billing,urgent
"Timeout on invoice PDF #3361",billing,high
"Bad encoding in usage report #3362",api,normal
"Wrong total in monthly export #3363",mobile,urgent
"Missing field in webhook retry #3364",billing,low
"Missing field in SSO callback #3365",mobile,urgent
"Wrong total in SSO callback #3366",auth,urgent
"Crash in webhook retry #3367",mobile,urgent
"Bad encoding in webhook retry #3368",onboarding,urgent
"Slow response from usage report #3369",mobile,urgent
"Slow response from webhook retry #3370",docs,normal
"Missing field in monthly export #3371",reports,normal
"Timeout on usage report #3372",mobile,urgent
"Missing field in usage report #3373",docs,urgent
"Crash in usage report #3374",mobile,high
"Broken link in usage report #3375",auth,normal
"Crash in monthly export #3376",docs,urgent
"Wrong total in SSO callback #3377",docs,low
"Wrong total in audit log #3378",reports,low
"Bad encoding in usage report #3379",reports,urgent
"Slow response from SSO callback #3380",docs,normal
"Slow response from audit log #3381",onboarding,normal
"Slow response from usage report #3382",docs,high
"Broken link in audit log #3383",mobile,high
"Crash in seat assignment #3384",docs,urgent
"Broken link in seat assignment #3385",billing,low
"Broken link in usage report #3386",reports,normal
"Timeout on seat assignment #3387",docs,urgent
"Bad encoding in webhook retry #3388",auth,low
"Crash in usage report #3389",reports,urgent
"Broken link in audit log #3390",auth,normal
"Timeout on audit log #3391",onboarding,low
"Missing field in usage report #3392",api,urgent
"Broken link in renewal flow #3393",auth,high
"Missing field in usage report #3394",reports,high
"Timeout on audit log #3395",onboarding,low
"Timeout on monthly export #3396",docs,high
"Timeout on SSO callback #3397",billing,high
"Slow response from webhook retry #3398",docs,normal
"Wrong total in SSO callback #3399",docs,low
"Broken link in audit log #3400",onboarding,normal
"Missing field in invoice PDF #3401",reports,high
"Wrong total in invoice PDF #3402",onboarding,high
"Broken link in renewal flow #3403",onboarding,normal
"Slow response from seat assignment #3404",reports,normal
"Crash in renewal flow #3405",billing,urgent
"Crash in monthly export #3406",api,low
"Bad encoding in SSO callback #3407",reports,high
"Missing field in renewal flow #3408",onboarding,normal
"Timeout on SSO callback #3409",docs,urgent
"Crash in SSO callback #3410",mobile,urgent
"Bad encoding in usage report #3411",auth,low
"Wrong total in usage report #3412",billing,high
"Wrong total in invoice PDF #3413",auth,high
"Missing field in seat assignment #3414",api,urgent
"Broken link in invoice PDF #3415",mobile,low
"Crash in SSO callback #3416",onboarding,high
"Crash in usage report #3417",auth,low
"Slow response from monthly export #3418",reports,low
"Wrong total in SSO callback #3419",auth,low
"Bad encoding in invoice PDF #3420",api,high
"Crash in invoice PDF #3421",reports,high
"Missing field in webhook retry #3422",api,urgent
"Timeout on renewal flow #3423",onboarding,normal
"Broken link in invoice PDF #3424",auth,urgent
"Timeout on invoice PDF #3425",mobile,normal
"Bad encoding in SSO callback #3426",onboarding,low
"Broken link in usage report #3427",reports,high
"Slow response from usage report #3428",billing,urgent
"Missing field in monthly export #3429",api,urgent
"Missing field in SSO callback #3430",docs,high
"Wrong total in seat assignment #3431",mobile,low
"Bad encoding in SSO callback #3432",billing,normal
"Timeout on usage report #3433",mobile,low
"Timeout on webhook retry #3434",reports,urgent
"Slow response from usage report #3435",api,normal
"Timeout on audit log #3436",onboarding,normal
"Wrong total in usage report #3437",auth,low
"Timeout on SSO callback #3438",billing,low
"Missing field in audit log #3439",auth,low
"Slow response from invoice PDF #3440",onboarding,urgent
"Timeout on usage report #3441",billing,normal
"Broken link in usage report #3442",mobile,normal
"Crash in invoice PDF #3443",auth,urgent
"Bad encoding in audit log #3444",billing,normal
"Broken link in webhook retry #3445",auth,high
"Bad encoding in audit log #3446",billing,low
"Wrong total in audit log #3447",billing,normal
"Wrong total in audit log #3448",mobile,high
"Missing field in monthly export #3449",onboarding,urgent
"Slow response from webhook retry #3450",auth,normal
"Crash in usage report #3451",auth,normal
"Broken link in webhook retry #3452",auth,urgent
"Wrong total in audit log #3453",reports,normal
"Missing field in webhook retry #3454",billing,high
"Missing field in seat assignment #3455",auth,low
"Timeout on renewal flow #3456",auth,normal
"Slow response from monthly export #3457",api,urgent
"Slow response from monthly export #3458",billing,high
"Missing field in SSO callback #3459",billing,high
"Bad encoding in monthly export #3460",api,normal
"Missing field in seat assignment #3461",api,urgent
"Slow response from invoice PDF #3462",docs,normal
"Wrong total in seat assignment #3463",api,low
"Missing field in seat assignment #3464",docs,high
"Bad encoding in audit log #3465",api,normal
"Broken link in renewal flow #3466",billing,urgent
"Broken link in webhook retry #3467",docs,urgent
"Wrong total in monthly export #3468",billing,normal
"Bad encoding in usage report #3469",mobile,normal
"Crash in usage report #3470",reports,low
"Missing field in monthly export #3471",reports,normal
"Broken link in invoice PDF #3472",mobile,urgent
"Timeout on audit log #3473",onboarding,normal
"Broken link in seat assignment #3474",auth,low
"Crash in monthly export #3475",reports,urgent
"Slow response from invoice PDF #3476",billing,high
"Missing field in webhook retry #3477",billing,low
"Slow response from usage report #3478",onboarding,urgent
"Slow response from monthly export #3479",api,urgent
"Timeout on SSO callback #3480",auth,low
"Missing field in usage report #3481",auth,high
"Missing field in SSO callback #3482",auth,normal
"Wrong total in monthly export #3483",onboarding,urgent
"Wrong total in SSO callback #3484",reports,low
"Bad encoding in audit log #3485",mobile,low
"Timeout on monthly export #3486",docs,high
"Wrong total in seat assignment #3487",api,high
"Timeout on renewal flow #3488",billing,urgent
"Missing field in usage report #3489",onboarding,normal
"Crash in webhook retry #3490",billing,urgent
"Bad encoding in monthly export #3491",auth,high
"Crash in audit log #3492",auth,low
"Crash in SSO callback #3493",api,urgent
"Slow response from invoice PDF #3494",onboarding,urgent
"Bad encoding in monthly export #3495",api,normal
"Timeout on renewal flow #3496",mobile,low
"Missing field in renewal flow #3497",mobile,low
"Timeout on renewal flow #3498",billing,urgent
"Timeout on webhook retry #3499",docs,normal
"Bad encoding in audit log #3500",onboarding,high
"Wrong total in SSO callback #3501",auth,normal
"Broken link in seat assignment #3502",reports,low
"Broken link in audit log #3503",auth,urgent
"Broken link in monthly export #3504",docs,low
"Slow response from usage report #3505",billing,urgent
"Broken link in renewal flow #3506",auth,high
"Broken link in renewal flow #3507",onboarding,normal
"Bad encoding in monthly export #3508",api,low
"Slow response from monthly export #3509",mobile,normal
"Bad encoding in seat assignment #3510",auth,high
"Broken link in usage report #3511",api,high
"Wrong total in monthly export #3512",onboarding,urgent
"Crash in monthly export #3513",reports,normal
"Crash in audit log #3514",billing,low
"Bad encoding in webhook retry #3515",onboarding,high
"Missing field in audit log #3516",billing,high
"Missing field in renewal flow #3517",auth,normal
"Broken link in usage report #3518",auth,high
"Bad encoding in audit log #3519",auth,high
"Wrong total in usage report #3520",billing,normal
"Crash in invoice PDF #3521",reports,low
"Wrong total in invoice PDF #3522",onboarding,low
"Slow response from seat assignment #3523",docs,normal
"Timeout on renewal flow #3524",reports,normal
"Timeout on usage report #3525",billing,normal
"Missing field in renewal flow #3526",auth,normal
"Crash in invoice PDF #3527",auth,high
"Missing field in audit log #3528",onboarding,normal
"Crash in seat assignment #3529",api,high
"Wrong total in monthly export #3530",reports,low
"Wrong total in invoice PDF #3531",mobile,low
"Missing field in invoice PDF #3532",api,low
"Crash in audit log #3533",reports,urgent
"Timeout on usage report #3534",docs,urgent
"Wrong total in seat assignment #3535",billing,low
"Timeout on monthly export #3536",reports,low
"Timeout on webhook retry #3537",docs,urgent
"Timeout on webhook retry #3538",mobile,low
"Wrong total in monthly export #3539",api,urgent
"Timeout on monthly export #3540",auth,high
"Broken link in monthly export #3541",reports,low
"Missing field in monthly export #3542",reports,low
"Crash in monthly export #3543",reports,urgent
"Slow response from SSO callback #3544",onboarding,normal
"Crash in monthly export #3545",auth,low
"Wrong total in seat assignment #3546",mobile,low
"Crash in audit log #3547",api,high
"Crash in audit log #3548",auth,urgent
"Broken link in invoice PDF #3549",mobile,low
"Wrong total in usage report #3550",onboarding,low
"Bad encoding in SSO callback #3551",auth,low
"Bad encoding in SSO callback #3552",mobile,low
"Crash in invoice PDF #3553",onboarding,normal
"Missing field in webhook retry #3554",api,low
"Slow response from SSO callback #3555",api,urgent
"Slow response from invoice PDF #3556",api,urgent
"Bad encoding in invoice PDF #3557",reports,high
"Wrong total in renewal flow #3558",auth,urgent
"Timeout on invoice PDF #3559",auth,normal
"Crash in renewal flow #3560",docs,low
"Slow response from audit log #3561",onboarding,low
"Timeout on renewal flow #3562",billing,normal
"Missing field in audit log #3563",billing,normal
"Slow response from SSO callback #3564",reports,low
"Wrong total in invoice PDF #3565",billing,normal
"Timeout on monthly export #3566",auth,high
"Missing field in renewal flow #3567",docs,high
"Slow response from seat assignment #3568",reports,low
"Crash in usage report #3569",auth,normal
"Slow response from audit log #3570",billing,high
"Bad encoding in invoice PDF #3571",reports,urgent
"Slow response from seat assignment #3572",api,high
"Slow response from webhook retry #3573",api,high
"Broken link in monthly export #3574",docs,normal
"Wrong total in SSO callback #3575",mobile,urgent
"Slow response from invoice PDF #3576",onboarding,urgent
"Broken link in monthly export #3577",auth,low
"Broken link in usage report #3578",auth,low
"Broken link in usage report #3579",api,urgent
"Bad encoding in webhook retry #3580",reports,urgent
"Timeout on invoice PDF #3581",reports,normal
"Bad encoding in audit log #3582",auth,high
"Timeout on SSO callback #3583",onboarding,normal
"Bad encoding in SSO callback #3584",mobile,low
"Slow response from monthly export #3585",auth,low
"Bad encoding in audit log #3586",onboarding,normal
"Broken link in renewal flow #3587",auth,low
"Missing field in invoice PDF #3588",auth,urgent
"Bad encoding in invoice PDF #3589",onboarding,normal
"Timeout on invoice PDF #3590",reports,normal
"Slow response from SSO callback #3591",docs,high
"Timeout on SSO callback #3592",billing,normal
"Broken link in monthly export #3593",billing,high
"Missing field in webhook retry #3594",auth,normal
"Crash in invoice PDF #3595",reports,normal
"Missing field in invoice PDF #3596",reports,high
"Crash in webhook retry #3597",docs,normal
"Wrong total in usage report #3598",docs,high
"Wrong total in SSO callback #3599",mobile,low
"Crash in SSO callback #3600",auth,low
"Slow response from seat assignment #3601",docs,high
"Wrong total in usage report #3602",api,urgent
"Broken link in renewal flow #3603",billing,low
"Missing field in renewal flow #3604",auth,urgent
"Missing field in renewal flow #3605",docs,urgent
"Broken link in SSO callback #3606",onboarding,normal
"Timeout on usage report #3607",onboarding,urgent
"Crash in invoice PDF #3608",auth,low
"Crash in usage report #3609",auth,low
"Missing field in invoice PDF #3610",docs,high
"Bad encoding in SSO callback #3611",docs,normal
"Broken link in webhook retry #3612",auth,normal
"Wrong total in monthly export #3613",reports,high
"Broken link in usage report #3614",api,urgent
"Bad encoding in seat assignment #3615",billing,high
"Missing field in SSO callback #3616",billing,urgent
"Broken link in seat assignment #3617",mobile,urgent
"Broken link in renewal flow #3618",billing,high
"Bad encoding in audit log #3619",reports,normal
"Broken link in invoice PDF #3620",docs,normal
"Slow response from monthly export #3621",api,low
"Slow response from SSO callback #3622",docs,high
"Bad encoding in usage report #3623",onboarding,high
"Bad encoding in invoice PDF #3624",docs,urgent
"Timeout on seat assignment #3625",billing,normal
"Wrong total in renewal flow #3626",api,low
"Slow response from usage report #3627",billing,urgent
"Bad encoding in renewal flow #3628",onboarding,normal
"Slow response from audit log #3629",mobile,low
"Missing field in usage report #3630",onboarding,low
"Timeout on monthly export #3631",onboarding,high
"Wrong total in monthly export #3632",docs,high
"Bad encoding in webhook retry #3633",auth,normal
"Wrong total in monthly export #3634",mobile,normal
"Wrong total in monthly export #3635",mobile,normal
"Wrong total in webhook retry #3636",docs,low
"Wrong total in seat assignment #3637",mobile,normal
"Wrong total in seat assignment #3638",reports,urgent
"Broken link in webhook retry #3639",auth,high
"Timeout on audit log #3640",billing,urgent
"Timeout on webhook retry #3641",mobile,high
"Timeout on invoice PDF #3642",docs,normal
"Bad encoding in invoice PDF #3643",onboarding,urgent
"Slow response from usage report #3644",api,high
"Slow response from renewal flow #3645",reports,normal
"Wrong total in monthly export #3646",api,normal
"Broken link in audit log #3647",docs,low
"Slow response from monthly export #3648",auth,low
"Slow response from seat assignment #3649",mobile,urgent
"Crash in invoice PDF #3650",docs,high
"Wrong total in invoice PDF #3651",billing,normal
"Crash in audit log #3652",reports,high
"Missing field in SSO callback #3653",auth,normal
"Slow response from invoice PDF #3654",docs,normal
"Bad encoding in renewal flow #3655",onboarding,urgent
"Wrong total in monthly export #3656",auth,normal
"Bad encoding in webhook retry #3657",billing,urgent
"Missing field in usage report #3658",billing,urgent
"Bad encoding in invoice PDF #3659",auth,low
"Broken link in renewal flow #3660",auth,normal
"Bad encoding in webhook retry #3661",mobile,urgent
"Missing field in monthly export #3662",api,high
"Wrong total in audit log #3663",onboarding,urgent
"Broken link in monthly export #3664",onboarding,urgent
"Slow response from audit log #3665",onboarding,normal
"Crash in monthly export #3666",api,urgent
"Bad encoding in webhook retry #3667",mobile,normal
"Wrong total in audit log #3668",onboarding,high
"Bad encoding in invoice PDF #3669",docs,urgent
"Crash in seat assignment #3670",docs,urgent
"Missing field in audit log #3671",mobile,normal
"Broken link in seat assignment #3672",docs,high
"Wrong total in invoice PDF #3673",mobile,low
"Missing field in SSO callback #3674",onboarding,normal
"Bad encoding in invoice PDF #3675",onboarding,high
"Wrong total in SSO callback #3676",docs,urgent
"Slow response from SSO callback #3677",docs,urgent
"Missing field in audit log #3678",reports,normal
"Crash in usage report #3679",docs,normal
"Missing field in invoice PDF #3680",mobile,low
"Bad encoding in seat assignment #3681",api,normal
"Bad encoding in invoice PDF #3682",reports,low
"Wrong total in webhook retry #3683",billing,urgent
"Crash in seat assignment #3684",api,normal
"Broken link in monthly export #3685",reports,low
"Slow response from monthly export #3686",mobile,high
"Crash in usage report #3687",reports,high
"Timeout on audit log #3688",billing,high
"Crash in invoice PDF #3689",mobile,normal
"Timeout on renewal flow #3690",mobile,low
"Wrong total in usage report #3691",api,high
"Missing field in usage report #3692",mobile,urgent
"Crash in usage report #3693",api,normal
"Bad encoding in invoice PDF #3694",auth,low
"Wrong total in SSO callback #3695",api,high
"Wrong total in invoice PDF #3696",reports,low
"Missing field in monthly export #3697",billing,high
"Wrong total in SSO callback #3698",api,low
"Missing field in SSO callback #3699",onboarding,high
"Missing field in webhook retry #3700",onboarding,urgent
"Bad encoding in seat assignment #3701",api,high
"Wrong total in audit log #3702",reports,low
"Timeout on seat assignment #3703",billing,low
"Broken link in webhook retry #3704",onboarding,normal
"Wrong total in SSO callback #3705",onboarding,normal
"Timeout on webhook retry #3706",mobile,low
"Missing field in webhook retry #3707",auth,normal
"Timeout on monthly export #3708",onboarding,urgent
"Timeout on monthly export #3709",api,urgent
"Wrong total in usage report #3710",api,normal
"Missing field in SSO callback #3711",auth,urgent
"Broken link in invoice PDF #3712",onboarding,low
"Missing field in audit log #3713",billing,urgent
"Slow response from monthly export #3714",auth,high
"Broken link in webhook retry #3715",onboarding,high
"Timeout on SSO callback #3716",reports,normal
"Timeout on audit log #3717",onboarding,normal
"Slow response from webhook retry #3718",billing,normal
"Missing field in renewal flow #3719",mobile,low
"Slow response from usage report #3720",auth,normal
"Missing field in monthly export #3721",billing,urgent
"Missing field in webhook retry #3722",mobile,high
"Wrong total in monthly export #3723",api,normal
"Slow response from SSO callback #3724",billing,normal
"Timeout on SSO callback #3725",auth,high
"Missing field in usage report #3726",docs,normal
"Bad encoding in usage report #3727",auth,high
"Broken link in usage report #3728",onboarding,high
"Wrong total in renewal flow #3729",docs,high
"Crash in invoice PDF #3730",onboarding,low
"Broken link in renewal flow #3731",docs,normal
"Crash in webhook retry #3732",api,urgent
"Broken link in monthly export #3733",docs,urgent
"Missing field in usage report #3734",billing,urgent
"Slow response from usage report #3735",reports,urgent
"Missing field in webhook retry #3736",api,normal
"Broken link in seat assignment #3737",api,low
"Slow response from seat assignment #3738",mobile,urgent
"Bad encoding in renewal flow #3739",auth,normal
"Wrong total in seat assignment #3740",onboarding,urgent
"Crash in invoice PDF #3741",billing,low
"Bad encoding in audit log #3742",billing,high
"Timeout on monthly export #3743",api,normal
"Wrong total in webhook retry #3744",api,high
"Crash in SSO callback #3745",billing,urgent
"Missing field in usage report #3746",mobile,normal
"Crash in webhook retry #3747",api,urgent
"Bad encoding in invoice PDF #3748",docs,low
"Bad encoding in webhook retry #3749",reports,normal
"Broken link in renewal flow #3750",billing,low
"Timeout on webhook retry #3751",docs,urgent
"Slow response from SSO callback #3752",api,high
"Missing field in seat assignment #3753",docs,low
"Wrong total in usage report #3754",api,high
"Slow response from renewal flow #3755",api,normal
"Wrong total in seat assignment #3756",billing,normal
"Missing field in seat assignment #3757",onboarding,normal
"Crash in audit log #3758",api,urgent
"Missing field in usage report #3759",reports,high
"Crash in seat assignment #3760",auth,high
"Bad encoding in usage report #3761",api,low
"Wrong total in renewal flow #3762",reports,urgent
"Missing field in SSO callback #3763",billing,low
"Broken link in monthly export #3764",api,normal
"Bad encoding in invoice PDF #3765",api,urgent
"Slow response from renewal flow #3766",reports,normal
"Broken link in audit log #3767",reports,low
"Timeout on webhook retry #3768",auth,urgent
"Crash in usage report #3769",onboarding,high
"Wrong total in SSO callback #3770",auth,high
"Missing field in webhook retry #3771",reports,normal
"Missing field in audit log #3772",docs,urgent
"Bad encoding in seat assignment #3773",auth,high
"Crash in invoice PDF #3774",auth,urgent
"Timeout on usage report #3775",onboarding,high
"Missing field in renewal flow #3776",docs,normal
"Slow response from seat assignment #3777",onboarding,urgent
"Wrong total in webhook retry #3778",onboarding,normal
"Slow response from monthly export #3779",reports,urgent
"Bad encoding in invoice PDF #3780",onboarding,low
"Missing field in SSO callback #3781",billing,urgent
"Bad encoding in monthly export #3782",api,high
"Wrong total in webhook retry #3783",api,urgent
"Slow response from invoice PDF #3784",onboarding,normal
"Wrong total in seat assignment #3785",billing,urgent
"Crash in usage report #3786",api,normal
"Timeout on usage report #3787",billing,normal
"Wrong total in audit log #3788",mobile,normal
"Wrong total in seat assignment #3789",api,high
"Timeout on audit log #3790",billing,low
"Wrong total in seat assignment #3791",api,high
"Slow response from SSO callback #3792",mobile,low
"Slow response from seat assignment #3793",api,high
"Slow response from usage report #3794",auth,high
"Wrong total in usage report #3795",docs,urgent
"Wrong total in seat assignment #3796",docs,high
"Timeout on renewal flow #3797",onboarding,normal
"Slow response from invoice PDF #3798",docs,high
"Timeout on SSO callback #3799",docs,urgent
"Missing field in usage report #3800",billing,normal
"Crash in audit log #3801",onboarding,urgent
"Wrong total in SSO callback #3802",auth,high
"Wrong total in usage report #3803",billing,high
"Missing field in usage report #3804",onboarding,low
"Missing field in seat assignment #3805",mobile,normal
"Slow response from webhook retry #3806",mobile,normal
"Slow response from invoice PDF #3807",mobile,low
"Slow response from usage report #3808",auth,normal
"Broken link in audit log #3809",reports,normal
"Crash in audit log #3810",reports,high
"Slow response from SSO callback #3811",billing,high
"Timeout on SSO callback #3812",api,urgent
"Wrong total in invoice PDF #3813",reports,low
"Crash in seat assignment #3814",billing,high
"Missing field in renewal flow #3815",api,normal
"Timeout on renewal flow #3816",docs,low
"Slow response from webhook retry #3817",onboarding,low
"Wrong total in usage report #3818",billing,urgent
"Crash in usage report #3819",onboarding,high
"Broken link in invoice PDF #3820",docs,normal
"Slow response from SSO callback #3821",docs,normal
"Wrong total in seat assignment #3822",api,normal
"Timeout on invoice PDF #3823",reports,low
"Wrong total in monthly export #3824",billing,low
"Wrong total in monthly export #3825",auth,high
"Bad encoding in audit log #3826",billing,low
"Timeout on renewal flow #3827",auth,urgent
"Timeout on audit log #3828",docs,urgent
"Missing field in renewal flow #3829",onboarding,normal
"Timeout on usage report #3830",api,low
"Timeout on usage report #3831",auth,high
"Broken link in webhook retry #3832",api,urgent
"Crash in audit log #3833",mobile,low
"Crash in webhook retry #3834",reports,normal
"Slow response from SSO callback #3835",mobile,low
"Timeout on SSO callback #3836",mobile,low
"Bad encoding in webhook retry #3837",auth,urgent
"Slow response from webhook retry #3838",onboarding,high
"Slow response from webhook retry #3839",api,high
"Timeout on usage report #3840",mobile,high
"Timeout on seat assignment #3841",onboarding,urgent
"Slow response from renewal flow #3842",docs,urgent
"Bad encoding in renewal flow #3843",auth,high
"Wrong total in seat assignment #3844",api,low
"Crash in seat assignment #3845",reports,low
"Missing field in invoice PDF #3846",api,high
"Slow response from SSO callback #3847",auth,urgent
"Crash in renewal flow #3848",reports,high
"Bad encoding in monthly export #3849",docs,high
"Timeout on usage report #3850",api,normal
"Broken link in usage report #3851",billing,urgent
"Crash in seat assignment #3852",billing,high
"Wrong total in usage report #3853",reports,normal
"Crash in renewal flow #3854",docs,urgent
"Broken link in invoice PDF #3855",reports,normal
"Wrong total in SSO callback #3856",mobile,high
"Slow response from audit log #3857",mobile,urgent
"Crash in renewal flow #3858",mobile,high
"Crash in SSO callback #3859",mobile,normal
"Crash in webhook retry #3860",mobile,high
"Timeout on monthly export #3861",api,high
"Broken link in renewal flow #3862",docs,urgent
"Crash in invoice PDF #3863",api,low
"Bad encoding in SSO callback #3864",docs,high
"Wrong total in webhook retry #3865",auth,urgent
"Slow response from monthly export #3866",reports,urgent
"Missing field in webhook retry #3867",reports,high
"Crash in monthly export #3868",docs,normal
"Crash in audit log #3869",auth,low
"Slow response from renewal flow #3870",reports,low
"Missing field in monthly export #3871",reports,urgent
"Bad encoding in usage report #3872",docs,low
"Bad encoding in webhook retry #3873",api,normal
"Wrong total in audit log #3874",auth,normal
"Missing field in audit log #3875",reports,normal
"Crash in SSO callback #3876",billing,high
"Timeout on audit log #3877",onboarding,low
"Wrong total in monthly export #3878",reports,normal
"Broken link in renewal flow #3879",auth,normal
"Missing field in SSO callback #3880",auth,normal
"Wrong total in monthly export #3881",mobile,high
"Slow response from audit log #3882",mobile,urgent
"Slow response from SSO callback #3883",billing,urgent
"Timeout on SSO callback #3884",onboarding,high
"Broken link in monthly export #3885",api,normal
"Bad encoding in seat assignment #3886",mobile,urgent
"Broken link in usage report #3887",docs,normal
"Slow response from audit log #3888",reports,high
"Bad encoding in invoice PDF #3889",mobile,low
"Timeout on webhook retry #3890",docs,high
"Crash in SSO callback #3891",billing,normal
"Wrong total in audit log #3892",onboarding,normal
"Wrong total in renewal flow #3893",docs,low
"Wrong total in SSO callback #3894",auth,low
"Wrong total in invoice PDF #3895",mobile,normal
"Missing field in renewal flow #3896",api,high
"Timeout on usage report #3897",billing,normal
"Crash in SSO callback #3898",auth,high
"Wrong total in audit log #3899",mobile,high
"Slow response from audit log #3900",api,urgent
"Timeout on usage report #3901",docs,high
"Bad encoding in invoice PDF #3902",docs,low
"Missing field in webhook retry #3903",onboarding,urgent
"Crash in SSO callback #3904",mobile,urgent
"Missing field in renewal flow #3905",docs,urgent
"Timeout on audit log #3906",onboarding,urgent
"Bad encoding in audit log #3907",docs,high
"Slow response from renewal flow #3908",billing,normal
"Bad encoding in audit log #3909",auth,normal
"Crash in monthly export #3910",billing,normal
"Wrong total in webhook retry #3911",mobile,high
"Broken link in renewal flow #3912",reports,normal
"Timeout on invoice PDF #3913",billing,high
"Broken link in seat assignment #3914",billing,urgent
"Broken link in audit log #3915",docs,low
"Timeout on renewal flow #3916",mobile,normal
"Crash in monthly export #3917",auth,normal
"Broken link in renewal flow #3918",docs,normal
"Slow response from usage report #3919",reports,low
"Slow response from audit log #3920",reports,urgent
"Slow response from monthly export #3921",auth,low
"Broken link in webhook retry #3922",billing,high
"Timeout on invoice PDF #3923",onboarding,urgent
"Timeout on usage report #3924",auth,urgent
"Wrong total in renewal flow #3925",docs,normal
"Broken link in seat assignment #3926",api,low
"Wrong total in renewal flow #3927",api,low
"Wrong total in seat assignment #3928",docs,normal
"Crash in SSO callback #3929",mobile,high
"Wrong total in renewal flow #3930",docs,normal
"Wrong total in monthly export #3931",docs,urgent
"Wrong total in renewal flow #3932",docs,low
"Missing field in webhook retry #3933",docs,high
"Bad encoding in seat assignment #3934",reports,low
"Broken link in seat assignment #3935",mobile,normal
"Missing field in seat assignment #3936",api,high
"Missing field in monthly export #3937",mobile,low
"Crash in monthly export #3938",billing,normal
"Crash in SSO callback #3939",api,low
"Timeout on SSO callback #3940",reports,normal
"Missing field in audit log #3941",mobile,urgent
"Missing field in webhook retry #3942",auth,urgent
"Wrong total in monthly export #3943",docs,high
"Slow response from monthly export #3944",onboarding,high
"Crash in audit log #3945",reports,urgent
"Slow response from monthly export #3946",auth,high
"Bad encoding in SSO callback #3947",onboarding,normal
"Bad encoding in usage report #3948",onboarding,low
"Broken link in webhook retry #3949",reports,urgent
"Wrong total in invoice PDF #3950",docs,urgent
"Bad encoding in webhook retry #3951",reports,normal
"Crash in audit log #3952",api,high
"Timeout on invoice PDF #3953",onboarding,high
"Crash in seat assignment #3954",mobile,low
"Timeout on usage report #3955",api,normal
"Broken link in invoice PDF #3956",docs,high
"Crash in usage report #3957",billing,normal
"Missing field in invoice PDF #3958",docs,low
"Crash in webhook retry #3959",mobile,low
"Timeout on audit log #3960",billing,normal
"Slow response from monthly export #3961",api,normal
"Slow response from audit log #3962",docs,high
"Broken link in invoice PDF #3963",auth,low
"Slow response from usage report #3964",mobile,normal
"Timeout on SSO callback #3965",auth,high
"Wrong total in invoice PDF #3966",onboarding,high
"Broken link in webhook retry #3967",auth,urgent
"Slow response from seat assignment #3968",reports,low
"Missing field in seat assignment #3969",docs,low
"Broken link in usage report #3970",api,high
"Crash in monthly export #3971",billing,high
"Slow response from invoice PDF #3972",docs,low
"Bad encoding in invoice PDF #3973",auth,high
"Timeout on seat assignment #3974",mobile,high
"Missing field in seat assignment #3975",onboarding,urgent
"Slow response from invoice PDF #3976",api,normal
"Slow response from webhook retry #3977",onboarding,urgent
"Crash in SSO callback #3978",onboarding,low
"Slow response from seat assignment #3979",auth,low
"Missing field in invoice PDF #3980",docs,urgent
"Slow response from renewal flow #3981",billing,low
"Timeout on webhook retry #3982",auth,low
"Missing field in monthly export #3983",docs,normal
"Wrong total in seat assignment #3984",onboarding,low
"Crash in SSO callback #3985",onboarding,low
"Crash in invoice PDF #3986",docs,high
"Slow response from audit log #3987",api,low
"Timeout on webhook retry #3988",onboarding,low
"Bad encoding in usage report #3989",auth,urgent
"Missing field in audit log #3990",auth,high
"Timeout on webhook retry #3991",auth,normal
"Wrong total in SSO callback #3992",auth,low
"Timeout on monthly export #3993",api,low
"Crash in SSO callback #3994",auth,low
"Crash in renewal flow #3995",api,low
"Slow response from renewal flow #3996",billing,urgent
"Wrong total in SSO callback #3997",billing,urgent
"Timeout on audit log #3998",auth,normal
"Bad encoding in SSO callback #3999",billing,high
"Wrong total in renewal flow #4000",auth,normal
"Crash in invoice PDF #4001",docs,normal
"Crash in renewal flow #4002",onboarding,low
"Bad encoding in usage report #4003",api,urgent
"Broken link in SSO callback #4004",reports,high
"Crash in webhook retry #4005",billing,urgent
"Slow response from seat assignment #4006",docs,normal
"Timeout on seat assignment #4007",docs,urgent
"Wrong total in monthly export #4008",mobile,low
"Crash in renewal flow #4009",auth,normal
"Slow response from SSO callback #4010",reports,high
"Timeout on renewal flow #4011",onboarding,normal
"Slow response from webhook retry #4012",auth,urgent
"Slow response from webhook retry #4013",api,high
"Crash in webhook retry #4014",auth,low
"Broken link in renewal flow #4015",billing,urgent
"Slow response from seat assignment #4016",api,normal
"Wrong total in renewal flow #4017",api,urgent
"Bad encoding in seat assignment #4018",api,urgent
"Missing field in renewal flow #4019",auth,urgent
"Timeout on webhook retry #4020",auth,urgent
"Wrong total in usage report #4021",docs,normal
"Wrong total in invoice PDF #4022",api,high
"Timeout on audit log #4023",mobile,high
"Slow response from SSO callback #4024",docs,normal
"Crash in usage report #4025",onboarding,low
"Broken link in monthly export #4026",api,normal
"Broken link in renewal flow #4027",reports,normal
"Wrong total in seat assignment #4028",reports,urgent
"Timeout on monthly export #4029",billing,urgent
"Missing field in usage report #4030",api,urgent
"Missing field in seat assignment #4031",api,normal
"Broken link in seat assignment #4032",docs,high
"Bad encoding in monthly export #4033",auth,normal
"Missing field in audit log #4034",onboarding,high
"Slow response from usage report #4035",docs,high
"Bad encoding in monthly export #4036",auth,urgent
"Wrong total in renewal flow #4037",docs,urgent
"Broken link in invoice PDF #4038",docs,urgent
"Wrong total in invoice PDF #4039",billing,normal
"Bad encoding in usage report #4040",api,high
"Crash in renewal flow #4041",onboarding,low
"Crash in SSO callback #4042",docs,low
"Broken link in seat assignment #4043",docs,high
"Crash in webhook retry #4044",api,normal
"Crash in usage report #4045",billing,normal
"Slow response from renewal flow #4046",reports,normal
"Broken link in invoice PDF #4047",onboarding,urgent
"Wrong total in webhook retry #4048",reports,high
"Slow response from webhook retry #4049",onboarding,low
"Missing field in seat assignment #4050",auth,high
"Slow response from monthly export #4051",api,high
"Broken link in invoice PDF #4052",auth,low
"Crash in invoice PDF #4053",reports,low
"Slow response from webhook retry #4054",onboarding,urgent
"Timeout on invoice PDF #4055",docs,low
"Broken link in audit log #4056",auth,urgent
"Wrong total in seat assignment #4057",reports,low
"Wrong total in seat assignment #4058",billing,low
"Broken link in invoice PDF #4059",auth,normal
"Wrong total in monthly export #4060",api,high
"Bad encoding in seat assignment #4061",api,normal
"Timeout on usage report #4062",auth,low
"Slow response from renewal flow #4063",reports,normal
"Crash in webhook retry #4064",billing,urgent
"Slow response from monthly export #4065",billing,normal
"Timeout on SSO callback #4066",reports,low
"Crash in webhook retry #4067",reports,normal
"Bad encoding in seat assignment #4068",mobile,normal
"Slow response from audit log #4069",billing,low
"Crash in monthly export #4070",reports,urgent
"Wrong total in invoice PDF #4071",mobile,low
"Missing field in webhook retry #4072",billing,urgent
"Bad encoding in usage report #4073",mobile,low
"Missing field in monthly export #4074",docs,urgent
"Bad encoding in renewal flow #4075",api,low
"Bad encoding in webhook retry #4076",mobile,high
"Broken link in usage report #4077",mobile,low
"Crash in monthly export #4078",billing,high
"Timeout on webhook retry #4079",onboarding,urgent
"Missing field in audit log #4080",reports,high
"Crash in monthly export #4081",docs,urgent
"Bad encoding in SSO callback #4082",auth,low
"Broken link in audit log #4083",api,normal
"Missing field in renewal flow #4084",billing,urgent
"Crash in audit log #4085",docs,urgent
"Crash in seat assignment #4086",mobile,urgent
"Crash in seat assignment #4087",reports,normal
"Slow response from seat assignment #4088",billing,normal
"Wrong total in usage report #4089",mobile,low
"Slow response from usage report #4090",reports,high
"Timeout on SSO callback #4091",api,normal
"Bad encoding in monthly export #4092",auth,normal
"Bad encoding in audit log #4093",api,normal
"Wrong total in monthly export #4094",docs,high
"Wrong total in usage report #4095",onboarding,low
"Missing field in audit log #4096",mobile,high
"Crash in renewal flow #4097",mobile,normal
"Missing field in seat assignment #4098",reports,high
"Bad encoding in webhook retry #4099",docs,low
"Bad encoding in seat assignment #4100",billing,urgent
"Wrong total in monthly export #4101",billing,low
"Broken link in monthly export #4102",auth,high
"Timeout on invoice PDF #4103",onboarding,urgent
"Wrong total in renewal flow #4104",onboarding,low
"Slow response from audit log #4105",billing,urgent
"Wrong total in SSO callback #4106",billing,normal
"Crash in seat assignment #4107",mobile,normal
"Missing field in renewal flow #4108",reports,normal
"Bad encoding in renewal flow #4109",docs,high
"Timeout on audit log #4110",auth,urgent
"Slow response from SSO callback #4111",api,low
"Wrong total in seat assignment #4112",mobile,normal
"Timeout on audit log #4113",reports,low
"Missing field in usage report #4114",mobile,low
"Crash in renewal flow #4115",billing,urgent
"Missing field in webhook retry #4116",api,low
"Timeout on usage report #4117",reports,urgent
"Crash in monthly export #4118",onboarding,low
"Bad encoding in SSO callback #4119",billing,urgent
"Missing field in webhook retry #4120",auth,low
"Bad encoding in SSO callback #4121",api,urgent
"Broken link in monthly export #4122",reports,urgent
"Missing field in audit log #4123",reports,low
"Slow response from invoice PDF #4124",onboarding,high
"Wrong total in SSO callback #4125",docs,urgent
"Crash in monthly export #4126",mobile,high
"Bad encoding in usage report #4127",api,normal
"Crash in webhook retry #4128",mobile,urgent
"Timeout on monthly export #4129",billing,urgent
"Broken link in audit log #4130",reports,low
"Broken link in renewal flow #4131",billing,urgent
"Wrong total in monthly export #4132",onboarding,normal
"Slow response from invoice PDF #4133",api,urgent
"Crash in SSO callback #4134",mobile,low
"Missing field in audit log #4135",docs,low
"Broken link in invoice PDF #4136",docs,high
"Missing field in webhook retry #4137",api,urgent
"Slow response from monthly export #4138",reports,high
"Missing field in SSO callback #4139",docs,normal
"Slow response from audit log #4140",reports,low
"Timeout on renewal flow #4141",auth,urgent
"Crash in invoice PDF #4142",auth,low
"Crash in invoice PDF #4143",onboarding,urgent
"Broken link in monthly export #4144",reports,normal
"Broken link in audit log #4145",billing,low
"Broken link in audit log #4146",auth,high
"Bad encoding in webhook retry #4147",docs,urgent
"Missing field in seat assignment #4148",mobile,low
"Timeout on webhook retry #4149",api,normal
"Crash in webhook retry #4150",onboarding,high
"Timeout on invoice PDF #4151",auth,normal
"Broken link in invoice PDF #4152",api,high
"Slow response from seat assignment #4153",docs,urgent
"Crash in renewal flow #4154",docs,normal
"Slow response from invoice PDF #4155",reports,normal
"Wrong total in webhook retry #4156",auth,low
"Crash in monthly export #4157",billing,high
"Broken link in SSO callback #4158",onboarding,normal
"Crash in monthly export #4159",reports,urgent
"Wrong total in invoice PDF #4160",onboarding,normal
"Missing field in audit log #4161",onboarding,urgent
"Bad encoding in seat assignment #4162",auth,urgent
"Wrong total in audit log #4163",mobile,low
"Crash in audit log #4164",billing,normal
"Wrong total in invoice PDF #4165",onboarding,low
"Crash in webhook retry #4166",docs,low
"Timeout on monthly export #4167",api,urgent
"Wrong total in audit log #4168",reports,normal
"Bad encoding in seat assignment #4169",billing,high
"Wrong total in seat assignment #4170",reports,normal
"Slow response from usage report #4171",reports,urgent
"Missing field in monthly export #4172",billing,high
"Missing field in renewal flow #4173",onboarding,low
"Missing field in invoice PDF #4174",docs,low
"Timeout on monthly export #4175",docs,low
"Missing field in usage report #4176",api,high
"Missing field in invoice PDF #4177",billing,high
"Wrong total in seat assignment #4178",mobile,urgent
"Broken link in usage report #4179",billing,urgent
"Broken link in monthly export #4180",reports,high
"Slow response from monthly export #4181",docs,normal
"Timeout on seat assignment #4182",auth,normal
"Missing field in renewal flow #4183",reports,normal
"Wrong total in invoice PDF #4184",onboarding,high
"Crash in renewal flow #4185",auth,low
"Timeout on usage report #4186",billing,high
"Bad encoding in monthly export #4187",reports,urgent
"Broken link in monthly export #4188",mobile,normal
"Broken link in usage report #4189",auth,normal
"Slow response from webhook retry #4190",api,low
"Timeout on SSO callback #4191",api,normal
"Broken link in audit log #4192",billing,high
"Wrong total in renewal flow #4193",billing,urgent
"Missing field in invoice PDF #4194",reports,normal
"Slow response from monthly export #4195",onboarding,urgent
"Missing field in audit log #4196",onboarding,high
"Wrong total in audit log #4197",docs,low
"Wrong total in audit log #4198",reports,urgent
"Timeout on renewal flow #4199",api,normal
"Timeout on webhook retry #4200",auth,high
"Slow response from audit log #4201",auth,high
"Crash in renewal flow #4202",billing,low
"Wrong total in invoice PDF #4203",onboarding,normal
"Wrong total in SSO callback #4204",mobile,high
"Wrong total in audit log #4205",docs,low
"Crash in webhook retry #4206",docs,normal
"Missing field in audit log #4207",mobile,high
"Wrong total in seat assignment #4208",api,low
"Timeout on SSO callback #4209",onboarding,urgent
"Broken link in webhook retry #4210",reports,high
"Broken link in seat assignment #4211",api,normal
"Bad encoding in audit log #4212",reports,urgent
"Wrong total in invoice PDF #4213",api,normal
"Missing field in monthly export #4214",auth,low
"Missing field in SSO callback #4215",mobile,low
"Missing field in seat assignment #4216",reports,high
"Crash in SSO callback #4217",billing,normal
"Crash in seat assignment #4218",reports,high
"Wrong total in usage report #4219",auth,high
"Wrong total in webhook retry #4220",onboarding,urgent
"Broken link in monthly export #4221",billing,urgent
"Slow response from seat assignment #4222",onboarding,urgent
"Timeout on SSO callback #4223",onboarding,high
"Timeout on renewal flow #4224",auth,urgent
"Broken link in usage report #4225",api,normal
"Slow response from invoice PDF #4226",billing,urgent
"Broken link in invoice PDF #4227",mobile,urgent
"Slow response from SSO callback #4228",api,normal
"Bad encoding in monthly export #4229",auth,low
"Timeout on renewal flow #4230",mobile,high
"Crash in audit log #4231",onboarding,normal
"Timeout on audit log #4232",mobile,normal
"Broken link in renewal flow #4233",reports,normal
"Broken link in webhook retry #4234",docs,high
"Timeout on SSO callback #4235",onboarding,low
"Slow response from invoice PDF #4236",auth,urgent
"Slow response from usage report #4237",auth,high
"Broken link in webhook retry #4238",billing,high
"Missing field in invoice PDF #4239",reports,low
"Crash in invoice PDF #4240",reports,urgent
"Timeout on usage report #4241",mobile,high
"Broken link in usage report #4242",reports,urgent
"Missing field in SSO callback #4243",reports,low
"Timeout on renewal flow #4244",mobile,low
"Slow response from webhook retry #4245",reports,urgent
"Timeout on usage report #4246",reports,low
"Wrong total in seat assignment #4247",billing,high
"Slow response from seat assignment #4248",auth,normal
"Broken link in invoice PDF #4249",docs,urgent
"Slow response from usage report #4250",auth,high
"Timeout on webhook retry #4251",reports,urgent
"Bad encoding in audit log #4252",auth,low
"Missing field in audit log #4253",docs,urgent
"Timeout on audit log #4254",api,high
"Missing field in webhook retry #4255",billing,low
"Broken link in seat assignment #4256",onboarding,urgent
"Crash in invoice PDF #4257",reports,normal
"Broken link in webhook retry #4258",billing,normal
"Slow response from seat assignment #4259",reports,low
"Broken link in audit log #4260",billing,low
"Broken link in monthly export #4261",reports,urgent
"Slow response from usage report #4262",auth,urgent
"Slow response from renewal flow #4263",billing,low
"Timeout on audit log #4264",billing,high
"Wrong total in usage report #4265",docs,normal
"Wrong total in renewal flow #4266",auth,high
"Crash in SSO callback #4267",auth,high
"Bad encoding in usage report #4268",api,high
"Crash in SSO callback #4269",reports,high
"Missing field in audit log #4270",reports,low
"Slow response from webhook retry #4271",billing,low
"Timeout on monthly export #4272",api,high
"Wrong total in renewal flow #4273",auth,high
"Wrong total in seat assignment #4274",reports,low
"Missing field in webhook retry #4275",mobile,high
"Missing field in renewal flow #4276",reports,normal
"Wrong total in seat assignment #4277",onboarding,low
"Wrong total in monthly export #4278",api,low
"Wrong total in SSO callback #4279",auth,high
"Slow response from seat assignment #4280",onboarding,urgent
"Broken link in monthly export #4281",docs,low
"Slow response from SSO callback #4282",onboarding,normal
"Wrong total in audit log #4283",docs,high
"Bad encoding in monthly export #4284",docs,urgent
"Crash in SSO callback #4285",billing,normal
"Slow response from seat assignment #4286",mobile,low
"Crash in monthly export #4287",mobile,normal
"Timeout on SSO callback #4288",docs,urgent
"Wrong total in invoice PDF #4289",billing,urgent
"Timeout on monthly export #4290",docs,high
"Broken link in seat assignment #4291",docs,normal
"Broken link in monthly export #4292",onboarding,urgent
"Timeout on seat assignment #4293",auth,urgent
"Wrong total in SSO callback #4294",api,urgent
"Timeout on monthly export #4295",mobile,high
"Timeout on monthly export #4296",mobile,high
"Missing field in usage report #4297",api,low
"Wrong total in renewal flow #4298",api,low
"Wrong total in usage report #4299",onboarding,low
"Timeout on renewal flow #4300",billing,urgent
"Broken link in renewal flow #4301",onboarding,urgent
"Timeout on invoice PDF #4302",reports,urgent
"Broken link in invoice PDF #4303",mobile,high
"Crash in SSO callback #4304",onboarding,urgent
"Crash in audit log #4305",billing,low
"Missing field in invoice PDF #4306",mobile,urgent
"Broken link in usage report #4307",billing,low
"Timeout on webhook retry #4308",billing,low
"Wrong total in audit log #4309",auth,low
"Bad encoding in renewal flow #4310",onboarding,urgent
"Bad encoding in webhook retry #4311",onboarding,normal
"Crash in usage report #4312",docs,urgent
"Crash in webhook retry #4313",docs,low
"Bad encoding in usage report #4314",reports,normal
"Missing field in invoice PDF #4315",docs,urgent
"Timeout on SSO callback #4316",onboarding,normal
"Bad encoding in SSO callback #4317",reports,normal
"Broken link in webhook retry #4318",docs,urgent
"Crash in invoice PDF #4319",docs,urgent
"Timeout on usage report #4320",mobile,high
"Wrong total in seat assignment #4321",mobile,low
"Slow response from audit log #4322",onboarding,normal
"Timeout on invoice PDF #4323",docs,urgent
"Timeout on monthly export #4324",api,urgent
"Timeout on audit log #4325",docs,urgent
"Crash in audit log #4326",mobile,normal
"Broken link in usage report #4327",billing,high
"Wrong total in seat assignment #4328",auth,normal
"Missing field in invoice PDF #4329",onboarding,normal
"Timeout on usage report #4330",api,normal
"Wrong total in monthly export #4331",billing,low
"Missing field in audit log #4332",reports,normal
"Timeout on usage report #4333",auth,normal
"Crash in webhook retry #4334",auth,high
"Slow response from invoice PDF #4335",docs,normal
"Crash in webhook retry #4336",billing,normal
"Crash in audit log #4337",docs,urgent
"Timeout on webhook retry #4338",mobile,low
"Timeout on invoice PDF #4339",onboarding,low
"Missing field in webhook retry #4340",billing,low
"Bad encoding in SSO callback #4341",mobile,high
"Wrong total in renewal flow #4342",auth,urgent
"Slow response from usage report #4343",api,high
"Slow response from renewal flow #4344",mobile,high
"Slow response from invoice PDF #4345",billing,normal
"Timeout on audit log #4346",docs,urgent
"Wrong total in SSO callback #4347",reports,urgent
"Missing field in seat assignment #4348",reports,normal
"Missing field in webhook retry #4349",reports,normal
"Broken link in SSO callback #4350",docs,urgent
"Timeout on monthly export #4351",api,low
"Bad encoding in usage report #4352",auth,low
"Timeout on seat assignment #4353",reports,low
"Wrong total in webhook retry #4354",docs,normal
"Missing field in webhook retry #4355",auth,urgent
"Timeout on webhook retry #4356",reports,low
"Missing field in renewal flow #4357",billing,low
"Timeout on audit log #4358",docs,urgent
"Broken link in renewal flow #4359",billing,high
"Wrong total in invoice PDF #4360",mobile,normal
"Broken link in audit log #4361",onboarding,urgent
"Crash in usage report #4362",reports,high
"Broken link in monthly export #4363",billing,urgent
"Crash in monthly export #4364",docs,low
"Crash in webhook retry #4365",api,low
"Slow response from renewal flow #4366",billing,high
"Wrong total in monthly export #4367",auth,urgent
"Slow response from webhook retry #4368",billing,urgent
"Slow response from seat assignment #4369",mobile,high
"Crash in monthly export #4370",auth,urgent
"Slow response from webhook retry #4371",mobile,normal
"Missing field in seat assignment #4372",auth,urgent
"Broken link in usage report #4373",api,normal
"Slow response from SSO callback #4374",api,high
"Slow response from SSO callback #4375",reports,urgent
"Wrong total in webhook retry #4376",reports,normal
"Broken link in renewal flow #4377",reports,high
"Slow response from invoice PDF #4378",billing,urgent
"Broken link in invoice PDF #4379",onboarding,high
"Timeout on webhook retry #4380",docs,urgent
"Broken link in invoice PDF #4381",billing,normal
"Wrong total in seat assignment #4382",onboarding,low
"Timeout on usage report #4383",onboarding,normal
"Broken link in invoice PDF #4384",auth,normal
"Timeout on seat assignment #4385",api,normal
"Crash in seat assignment #4386",docs,low
"Missing field in renewal flow #4387",billing,high
"Bad encoding in invoice PDF #4388",docs,normal
"Slow response from monthly export #4389",reports,high
"Wrong total in audit log #4390",auth,low
"Crash in renewal flow #4391",onboarding,urgent
"Timeout on monthly export #4392",reports,high
"Missing field in renewal flow #4393",docs,urgent
"Bad encoding in invoice PDF #4394",reports,high
"Bad encoding in invoice PDF #4395",mobile,urgent
"Slow response from SSO callback #4396",reports,urgent
"Crash in seat assignment #4397",docs,urgent
"Bad encoding in SSO callback #4398",auth,low
"Slow response from usage report #4399",reports,low
"Broken link in webhook retry #4400",auth,normal
"Timeout on seat assignment #4401",api,low
"Missing field in audit log #4402",billing,urgent
"Bad encoding in audit log #4403",billing,high
"Crash in webhook retry #4404",reports,high
"Wrong total in audit log #4405",mobile,high
"Wrong total in invoice PDF #4406",docs,low
"Missing field in SSO callback #4407",api,normal
"Missing field in SSO callback #4408",auth,normal
"Timeout on monthly export #4409",onboarding,urgent
"Missing field in seat assignment #4410",api,low
"Slow response from webhook retry #4411",mobile,normal
"Slow response from seat assignment #4412",onboarding,high
"Wrong total in invoice PDF #4413",onboarding,low
"Broken link in usage report #4414",docs,urgent
"Missing field in audit log #4415",api,normal
"Crash in audit log #4416",mobile,high
"Bad encoding in usage report #4417",onboarding,urgent
"Timeout on audit log #4418",api,low
"Missing field in usage report #4419",docs,urgent
"Broken link in audit log #4420",onboarding,urgent
"Bad encoding in invoice PDF #4421",mobile,low
"Bad encoding in renewal flow #4422",mobile,low
"Crash in invoice PDF #4423",auth,high
"Missing field in seat assignment #4424",api,high
"Missing field in SSO callback #4425",docs,normal
"Missing field in seat assignment #4426",billing,low
"Bad encoding in seat assignment #4427",docs,urgent
"Missing field in invoice PDF #4428",reports,high
"Slow response from SSO callback #4429",mobile,urgent
"Wrong total in usage report #4430",api,urgent
"Bad encoding in usage report #4431",onboarding,urgent
"Timeout on usage report #4432",reports,low
"Slow response from renewal flow #4433",auth,high
"Timeout on monthly export #4434",onboarding,normal
"Broken link in audit log #4435",onboarding,urgent
"Bad encoding in renewal flow #4436",api,urgent
"Broken link in SSO callback #4437",docs,high
"Bad encoding in renewal flow #4438",api,low
"Crash in webhook retry #4439",onboarding,urgent
"Broken link in usage report #4440",docs,urgent
"Missing field in invoice PDF #4441",billing,normal
"Bad encoding in invoice PDF #4442",docs,low
"Missing field in invoice PDF #4443",onboarding,normal
"Crash in renewal flow #4444",mobile,low
"Wrong total in audit log #4445",docs,normal
"Broken link in SSO callback #4446",reports,high
"Broken link in monthly export #4447",mobile,low
"Timeout on renewal flow #4448",mobile,normal
"Bad encoding in invoice PDF #4449",auth,urgent
"Timeout on SSO callback #4450",api,urgent
"Slow response from monthly export #4451",mobile,high
"Bad encoding in audit log #4452",billing,low
"Bad encoding in renewal flow #4453",onboarding,normal
"Slow response from seat assignment #4454",docs,high
"Missing field in invoice PDF #4455",api,high
"Slow response from usage report #4456",api,high
"Broken link in seat assignment #4457",api,normal
"Missing field in renewal flow #4458",billing,normal
"Slow response from usage report #4459",api,urgent
"Timeout on monthly export #4460",docs,urgent
"Crash in webhook retry #4461",billing,normal
"Bad encoding in invoice PDF #4462",docs,urgent
"Bad encoding in monthly export #4463",mobile,high
"Wrong total in renewal flow #4464",onboarding,normal
"Crash in audit log #4465",api,high
"Crash in usage report #4466",auth,high
"Slow response from webhook retry #4467",auth,high
"Crash in invoice PDF #4468",reports,low
"Missing field in usage report #4469",reports,low
"Bad encoding in webhook retry #4470",mobile,high
"Broken link in webhook retry #4471",mobile,urgent
"Wrong total in audit log #4472",onboarding,low
"Slow response from audit log #4473",mobile,normal
"Bad encoding in webhook retry #4474",mobile,urgent
"Timeout on renewal flow #4475",auth,urgent
"Missing field in seat assignment #4476",billing,urgent
"Bad encoding in SSO callback #4477",mobile,high
"Slow response from SSO callback #4478",mobile,urgent
"Timeout on monthly export #4479",reports,urgent
"Timeout on monthly export #4480",auth,urgent
"Wrong total in monthly export #4481",reports,low
"Wrong total in seat assignment #4482",billing,normal
"Broken link in audit log #4483",auth,low
"Crash in usage report #4484",mobile,low
"Missing field in invoice PDF #4485",docs,low
"Broken link in usage report #4486",api,urgent
"Wrong total in SSO callback #4487",api,urgent
"Timeout on webhook retry #4488",auth,normal
"Broken link in invoice PDF #4489",billing,urgent
"Timeout on monthly export #4490",api,normal
"Broken link in monthly export #4491",mobile,low
"Timeout on SSO callback #4492",billing,normal
"Crash in usage report #4493",billing,high
"Bad encoding in invoice PDF #4494",docs,high
"Wrong total in seat assignment #4495",auth,normal
"Bad encoding in usage report #4496",mobile,urgent
"Bad encoding in renewal flow #4497",reports,normal
"Missing field in audit log #4498",reports,low
"Missing field in invoice PDF #4499",api,normal
"Crash in monthly export #4500",auth,normal
"Crash in audit log #4501",billing,normal
"Slow response from webhook retry #4502",reports,high
"Wrong total in renewal flow #4503",billing,urgent
"Wrong total in webhook retry #4504",onboarding,normal
"Timeout on monthly export #4505",billing,low
"Wrong total in audit log #4506",mobile,low
"Slow response from invoice PDF #4507",auth,normal
"Wrong total in audit log #4508",onboarding,normal
"Bad encoding in invoice PDF #4509",reports,normal
"Bad encoding in audit log #4510",docs,high
"Missing field in audit log #4511",billing,high
"Slow response from webhook retry #4512",reports,urgent
"Crash in renewal flow #4513",api,high
"Crash in invoice PDF #4514",onboarding,urgent
"Bad encoding in renewal flow #4515",mobile,low
"Timeout on SSO callback #4516",docs,urgent
"Slow response from usage report #4517",mobile,low
"Timeout on SSO callback #4518",billing,urgent
"Wrong total in monthly export #4519",docs,high
"Crash in renewal flow #4520",onboarding,urgent
"Timeout on audit log #4521",auth,low
"Missing field in SSO callback #4522",api,high
"Crash in audit log #4523",mobile,normal
"Bad encoding in monthly export #4524",docs,high
"Missing field in webhook retry #4525",reports,low
"Bad encoding in webhook retry #4526",mobile,urgent
"Timeout on renewal flow #4527",onboarding,normal
"Broken link in invoice PDF #4528",auth,high
"Slow response from monthly export #4529",api,low
"Wrong total in webhook retry #4530",api,urgent
"Missing field in invoice PDF #4531",auth,normal
"Bad encoding in webhook retry #4532",docs,low
"Missing field in renewal flow #4533",onboarding,urgent
"Timeout on monthly export #4534",onboarding,urgent
"Timeout on webhook retry #4535",mobile,urgent
"Wrong total in webhook retry #4536",auth,urgent
"Slow response from audit log #4537",onboarding,low
"Missing field in audit log #4538",reports,low
"Crash in invoice PDF #4539",docs,high
"Crash in webhook retry #4540",billing,normal
"Bad encoding in webhook retry #4541",auth,low
"Broken link in audit log #4542",onboarding,high
"Wrong total in audit log #4543",docs,normal
"Wrong total in usage report #4544",docs,high
"Timeout on usage report #4545",mobile,normal
"Missing field in invoice PDF #4546",api,low
"Slow response from usage report #4547",reports,normal
"Bad encoding in audit log #4548",api,high
"Crash in SSO callback #4549",billing,normal
"Broken link in webhook retry #4550",mobile,high
"Wrong total in webhook retry #4551",docs,high
"Missing field in webhook retry #4552",mobile,high
"Crash in seat assignment #4553",mobile,low
"Missing field in seat assignment #4554",docs,low
"Timeout on renewal flow #4555",billing,urgent
"Crash in renewal flow #4556",onboarding,high
"Slow response from webhook retry #4557",auth,low
"Bad encoding in SSO callback #4558",auth,low
"Crash in invoice PDF #4559",onboarding,urgent
"Wrong total in audit log #4560",mobile,high
"Slow response from seat assignment #4561",onboarding,high
"Wrong total in monthly export #4562",auth,low
"Missing field in renewal flow #4563",auth,low
"Broken link in monthly export #4564",auth,low
"Missing field in usage report #4565",reports,urgent
"Slow response from seat assignment #4566",docs,urgent
"Crash in monthly export #4567",onboarding,low
"Wrong total in usage report #4568",api,high
"Missing field in invoice PDF #4569",auth,normal
"Timeout on renewal flow #4570",docs,urgent
"Wrong total in invoice PDF #4571",auth,urgent
"Missing field in audit log #4572",api,high
"Broken link in usage report #4573",mobile,normal
"Crash in audit log #4574",auth,urgent
"Crash in SSO callback #4575",billing,high
"Crash in usage report #4576",reports,low
"Missing field in monthly export #4577",auth,urgent
"Timeout on audit log #4578",reports,low
"Missing field in SSO callback #4579",onboarding,low
"Crash in webhook retry #4580",billing,high
"Crash in audit log #4581",billing,urgent
"Timeout on monthly export #4582",auth,low
"Crash in usage report #4583",onboarding,low
"Broken link in webhook retry #4584",auth,low
"Bad encoding in webhook retry #4585",docs,normal
"Slow response from renewal flow #4586",billing,normal
"Slow response from webhook retry #4587",auth,normal
"Crash in audit log #4588",reports,urgent
"Slow response from renewal flow #4589",mobile,urgent
"Missing field in seat assignment #4590",mobile,urgent
"Bad encoding in usage report #4591",auth,normal
"Broken link in monthly export #4592",onboarding,high
"Broken link in renewal flow #4593",onboarding,high
"Wrong total in monthly export #4594",api,normal
"Bad encoding in usage report #4595",billing,high
"Slow response from webhook retry #4596",onboarding,low
"Broken link in usage report #4597",mobile,high
"Missing field in webhook retry #4598",billing,low
"Crash in renewal flow #4599",auth,urgent
"Wrong total in renewal flow #4600",api,normal
"Broken link in renewal flow #4601",reports,normal
"Bad encoding in SSO callback #4602",docs,low
"Missing field in audit log #4603",api,normal
"Crash in monthly export #4604",mobile,high
"Timeout on monthly export #4605",docs,normal
"Broken link in webhook retry #4606",reports,low
"Crash in monthly export #4607",billing,normal
"Broken link in seat assignment #4608",docs,high
"Wrong total in monthly export #4609",mobile,normal
"Timeout on renewal flow #4610",docs,normal
"Timeout on monthly export #4611",billing,normal
"Missing field in renewal flow #4612",reports,urgent
"Timeout on renewal flow #4613",mobile,normal
"Crash in seat assignment #4614",docs,high
"Broken link in SSO callback #4615",reports,urgent
"Crash in SSO callback #4616",api,high
"Slow response from invoice PDF #4617",reports,high
"Slow response from SSO callback #4618",auth,high
"Slow response from usage report #4619",docs,normal
"Missing field in monthly export #4620",mobile,normal
"Slow response from usage report #4621",docs,urgent
"Missing field in seat assignment #4622",onboarding,normal
"Wrong total in SSO callback #4623",auth,urgent
"Wrong total in renewal flow #4624",auth,urgent
"Bad encoding in monthly export #4625",api,normal
"Broken link in audit log #4626",reports,high
"Slow response from invoice PDF #4627",onboarding,high
"Timeout on audit log #4628",docs,high
"Crash in invoice PDF #4629",onboarding,high
"Timeout on renewal flow #4630",api,urgent
"Timeout on seat assignment #4631",billing,urgent
"Crash in webhook retry #4632",onboarding,normal
"Timeout on seat assignment #4633",docs,urgent
"Wrong total in renewal flow #4634",onboarding,low
"Crash in monthly export #4635",mobile,urgent
"Broken link in audit log #4636",onboarding,low
"Broken link in renewal flow #4637",auth,low
"Timeout on seat assignment #4638",reports,high
"Slow response from invoice PDF #4639",docs,low
"Wrong total in invoice PDF #4640",auth,low
"Timeout on usage report #4641",auth,urgent
"Broken link in usage report #4642",auth,high
"Bad encoding in SSO callback #4643",auth,low
"Missing field in audit log #4644",auth,normal
"Bad encoding in usage report #4645",docs,urgent
"Timeout on audit log #4646",mobile,normal
"Wrong total in seat assignment #4647",mobile,normal
"Missing field in monthly export #4648",mobile,low
"Missing field in monthly export #4649",api,urgent
"Wrong total in audit log #4650",auth,high
"Bad encoding in monthly export #4651",docs,urgent
"Wrong total in audit log #4652",reports,high
"Crash in invoice PDF #4653",api,normal
"Slow response from renewal flow #4654",mobile,high
"Slow response from audit log #4655",onboarding,high
"Missing field in SSO callback #4656",mobile,normal
"Wrong total in seat assignment #4657",reports,low
"Wrong total in seat assignment #4658",mobile,urgent
"Missing field in renewal flow #4659",auth,high
"Missing field in invoice PDF #4660",auth,urgent
"Broken link in seat assignment #4661",api,urgent
"Crash in audit log #4662",auth,normal
"Bad encoding in monthly export #4663",reports,low
"Broken link in usage report #4664",mobile,high
"Crash in invoice PDF #4665",onboarding,low
"Broken link in usage report #4666",reports,high
"Slow response from monthly export #4667",mobile,normal
"Broken link in usage report #4668",api,urgent
"Crash in webhook retry #4669",reports,normal
"Missing field in webhook retry #4670",mobile,normal
"Slow response from SSO callback #4671",onboarding,urgent
"Bad encoding in seat assignment #4672",api,high
"Bad encoding in invoice PDF #4673",mobile,high
"Slow response from seat assignment #4674",mobile,high
"Slow response from SSO callback #4675",docs,urgent
"Bad encoding in webhook retry #4676",api,low
"Bad encoding in seat assignment #4677",docs,high
"Broken link in invoice PDF #4678",billing,high
"Broken link in usage report #4679",reports,high
"Timeout on renewal flow #4680",mobile,low
"Timeout on invoice PDF #4681",auth,low
"Missing field in renewal flow #4682",mobile,normal
"Missing field in audit log #4683",reports,high
"Crash in seat assignment #4684",billing,high
"Timeout on audit log #4685",auth,normal
"Slow response from usage report #4686",reports,normal
"Broken link in SSO callback #4687",reports,normal
"Slow response from audit log #4688",mobile,high
"Missing field in audit log #4689",reports,high
"Slow response from seat assignment #4690",onboarding,high
"Missing field in webhook retry #4691",mobile,urgent
"Missing field in renewal flow #4692",auth,normal
"Wrong total in audit log #4693",mobile,normal
"Wrong total in monthly export #4694",onboarding,normal
"Bad encoding in audit log #4695",api,high
"Bad encoding in seat assignment #4696",auth,urgent
"Broken link in invoice PDF #4697",mobile,urgent
"Bad encoding in usage report #4698",api,normal
"Missing field in invoice PDF #4699",api,urgent
"Timeout on invoice PDF #4700",mobile,normal
"Broken link in seat assignment #4701",docs,low
"Broken link in invoice PDF #4702",auth,urgent
"Broken link in SSO callback #4703",mobile,high
"Slow response from SSO callback #4704",reports,normal
"Timeout on renewal flow #4705",auth,normal
"Bad encoding in invoice PDF #4706",api,high
"Wrong total in seat assignment #4707",mobile,high
"Timeout on invoice PDF #4708",billing,high
"Timeout on seat assignment #4709",mobile,urgent
"Broken link in audit log #4710",reports,low
"Broken link in renewal flow #4711",api,high
"Broken link in usage report #4712",onboarding,low
"Wrong total in audit log #4713",onboarding,normal
"Timeout on SSO callback #4714",billing,low
"Wrong total in renewal flow #4715",auth,urgent
"Broken link in webhook retry #4716",auth,high
"Missing field in seat assignment #4717",auth,urgent
"Timeout on invoice PDF #4718",auth,normal
"Crash in usage report #4719",docs,low
"Wrong total in invoice PDF #4720",docs,high
"Broken link in seat assignment #4721",api,urgent
"Slow response from SSO callback #4722",mobile,low
"Timeout on invoice PDF #4723",billing,low
"Slow response from seat assignment #4724",reports,low
"Broken link in SSO callback #4725",reports,normal
"Crash in renewal flow #4726",billing,low
"Bad encoding in renewal flow #4727",api,urgent
"Timeout on invoice PDF #4728",billing,high
"Crash in audit log #4729",billing,normal
"Bad encoding in invoice PDF #4730",onboarding,normal
"Bad encoding in usage report #4731",reports,high
"Timeout on seat assignment #4732",auth,normal
"Broken link in seat assignment #4733",billing,low
"Broken link in webhook retry #4734",reports,low
"Wrong total in usage report #4735",mobile,urgent
"Slow response from renewal flow #4736",auth,normal
"Timeout on webhook retry #4737",auth,urgent
"Wrong total in renewal flow #4738",auth,urgent
"Timeout on invoice PDF #4739",billing,urgent
"Wrong total in invoice PDF #4740",reports,high
"Bad encoding in audit log #4741",onboarding,normal
"Missing field in seat assignment #4742",mobile,high
"Wrong total in audit log #4743",mobile,urgent
"Crash in renewal flow #4744",reports,urgent
"Timeout on invoice PDF #4745",reports,normal
"Wrong total in usage report #4746",auth,high
"Slow response from monthly export #4747",mobile,high
"Slow response from invoice PDF #4748",auth,low
"Crash in usage report #4749",auth,normal
"Bad encoding in webhook retry #4750",api,low
"Slow response from renewal flow #4751",billing,normal
"Bad encoding in usage report #4752",docs,urgent
"Wrong total in monthly export #4753",docs,high
"Broken link in renewal flow #4754",auth,urgent
"Wrong total in audit log #4755",mobile,normal
"Bad encoding in monthly export #4756",billing,urgent
"Missing field in audit log #4757",reports,normal
"Missing field in monthly export #4758",onboarding,urgent
"Timeout on SSO callback #4759",api,normal
"Timeout on audit log #4760",reports,high
"Wrong total in webhook retry #4761",billing,low
"Slow response from usage report #4762",onboarding,low
"Wrong total in seat assignment #4763",docs,high
"Broken link in invoice PDF #4764",reports,normal
"Missing field in monthly export #4765",mobile,urgent
"Crash in seat assignment #4766",docs,urgent
"Crash in SSO callback #4767",reports,high
"Bad encoding in usage report #4768",billing,low
"Timeout on usage report #4769",billing,low
"Crash in monthly export #4770",reports,normal
"Missing field in usage report #4771",auth,high
"Bad encoding in webhook retry #4772",docs,urgent
"Broken link in usage report #4773",reports,urgent
"Slow response from monthly export #4774",api,high
"Timeout on renewal flow #4775",mobile,high
"Wrong total in usage report #4776",reports,normal
"Bad encoding in audit log #4777",onboarding,normal
"Wrong total in monthly export #4778",api,normal
"Timeout on renewal flow #4779",onboarding,low
"Slow response from audit log #4780",mobile,low
"Crash in monthly export #4781",docs,high
"Slow response from webhook retry #4782",docs,normal
"Missing field in renewal flow #4783",reports,low
"Broken link in renewal flow #4784",mobile,high
"Wrong total in audit log #4785",api,normal
"Broken link in audit log #4786",reports,high
"Broken link in monthly export #4787",onboarding,normal
"Slow response from seat assignment #4788",docs,normal
"Timeout on SSO callback #4789",api,low
"Wrong total in monthly export #4790",onboarding,high
"Timeout on SSO callback #4791",auth,urgent
"Slow response from SSO callback #4792",docs,normal
"Crash in seat assignment #4793",onboarding,high
"Timeout on usage report #4794",api,urgent
"Timeout on monthly export #4795",reports,urgent
"Broken link in renewal flow #4796",reports,low
"Crash in seat assignment #4797",billing,normal
"Bad encoding in invoice PDF #4798",docs,urgent
"Missing field in seat assignment #4799",reports,high
"Bad encoding in usage report #4800",docs,normal
"Timeout on monthly export #4801",api,normal
"Slow response from audit log #4802",mobile,urgent
"Bad encoding in usage report #4803",api,high
"Missing field in renewal flow #4804",auth,urgent
"Timeout on SSO callback #4805",mobile,high
"Wrong total in invoice PDF #4806",docs,high
"Crash in webhook retry #4807",docs,high
"Wrong total in usage report #4808",auth,urgent
"Wrong total in SSO callback #4809",auth,low
"Timeout on usage report #4810",billing,normal
"Bad encoding in audit log #4811",api,urgent
"Broken link in renewal flow #4812",billing,low
"Wrong total in renewal flow #4813",mobile,urgent
"Bad encoding in monthly export #4814",mobile,urgent
"Crash in invoice PDF #4815",billing,urgent
"Broken link in SSO callback #4816",docs,normal
"Crash in usage report #4817",docs,high
"Missing field in webhook retry #4818",docs,low
"Missing field in seat assignment #4819",mobile,urgent
"Missing field in usage report #4820",docs,urgent
"Timeout on seat assignment #4821",mobile,normal
"Slow response from usage report #4822",onboarding,normal
"Missing field in monthly export #4823",billing,high
"Wrong total in seat assignment #4824",auth,normal
"Crash in SSO callback #4825",api,normal
"Wrong total in renewal flow #4826",onboarding,normal
"Wrong total in monthly export #4827",api,high
"Broken link in SSO callback #4828",mobile,normal
"Missing field in invoice PDF #4829",auth,urgent
"Timeout on usage report #4830",mobile,normal
"Timeout on usage report #4831",api,high
"Bad encoding in SSO callback #4832",mobile,normal
"Timeout on invoice PDF #4833",reports,high
"Timeout on audit log #4834",auth,low
"Crash in SSO callback #4835",docs,high
"Timeout on monthly export #4836",billing,low
"Slow response from seat assignment #4837",billing,normal
"Wrong total in monthly export #4838",docs,low
"Wrong total in usage report #4839",onboarding,high
"Slow response from SSO callback #4840",api,high
"Broken link in renewal flow #4841",mobile,urgent
"Crash in webhook retry #4842",billing,high
"Broken link in audit log #4843",api,urgent
"Timeout on SSO callback #4844",docs,normal
"Broken link in invoice PDF #4845",docs,high
"Bad encoding in monthly export #4846",billing,normal
"Bad encoding in monthly export #4847",auth,high
"Bad encoding in usage report #4848",reports,normal
"Timeout on monthly export #4849",auth,high
"Bad encoding in invoice PDF #4850",api,urgent
"Slow response from webhook retry #4851",reports,urgent
"Crash in monthly export #4852",docs,low
"Bad encoding in invoice PDF #4853",billing,low
"Slow response from seat assignment #4854",reports,low
"Crash in renewal flow #4855",mobile,normal
"Bad encoding in monthly export #4856",docs,low
"Wrong total in webhook retry #4857",docs,urgent
"Slow response from webhook retry #4858",reports,urgent
"Missing field in SSO callback #4859",onboarding,low
"Broken link in renewal flow #4860",onboarding,low
"Timeout on usage report #4861",reports,low
"Broken link in seat assignment #4862",onboarding,normal
"Timeout on seat assignment #4863",reports,urgent
"Broken link in monthly export #4864",auth,normal
"Slow response from audit log #4865",api,urgent
"Missing field in audit log #4866",auth,low
"Timeout on renewal flow #4867",api,urgent
"Crash in monthly export #4868",auth,normal
"Wrong total in audit log #4869",auth,low
"Slow response from audit log #4870",auth,high
"Broken link in audit log #4871",onboarding,low
"Missing field in SSO callback #4872",mobile,high
"Bad encoding in usage report #4873",billing,urgent
"Slow response from seat assignment #4874",docs,urgent
"Broken link in audit log #4875",reports,low
"Broken link in monthly export #4876",api,normal
"Timeout on invoice PDF #4877",api,low
"Crash in monthly export #4878",api,urgent
"Crash in invoice PDF #4879",api,urgent
"Bad encoding in audit log #4880",mobile,high
"Timeout on audit log #4881",auth,low
"Crash in usage report #4882",onboarding,low
"Wrong total in invoice PDF #4883",mobile,low
"Bad encoding in monthly export #4884",api,normal
"Crash in audit log #4885",billing,urgent
"Broken link in invoice PDF #4886",api,normal
"Slow response from usage report #4887",reports,high
"Bad encoding in SSO callback #4888",reports,urgent
"Bad encoding in renewal flow #4889",api,urgent
"Broken link in webhook retry #4890",onboarding,urgent
"Missing field in invoice PDF #4891",api,high
"Slow response from usage report #4892",api,high
"Timeout on audit log #4893",onboarding,low
"Crash in invoice PDF #4894",api,high
"Broken link in SSO callback #4895",billing,normal
"Slow response from webhook retry #4896",onboarding,high
"Wrong total in monthly export #4897",auth,low
"Missing field in audit log #4898",auth,high
"Crash in renewal flow #4899",mobile,normal
"Crash in monthly export #4900",onboarding,normal
"Broken link in renewal flow #4901",docs,normal
"Bad encoding in webhook retry #4902",billing,urgent
"Broken link in seat assignment #4903",mobile,normal
"Wrong total in usage report #4904",api,normal
"Bad encoding in usage report #4905",mobile,low
"Timeout on webhook retry #4906",api,urgent
"Broken link in invoice PDF #4907",billing,normal
"Bad encoding in invoice PDF #4908",auth,normal
"Wrong total in monthly export #4909",onboarding,low
"Crash in seat assignment #4910",onboarding,low
"Slow response from audit log #4911",reports,urgent
"Slow response from seat assignment #4912",auth,urgent
"Broken link in audit log #4913",onboarding,high
"Broken link in monthly export #4914",api,urgent
"Timeout on audit log #4915",mobile,normal
"Missing field in invoice PDF #4916",api,normal
"Broken link in SSO callback #4917",auth,high
"Wrong total in monthly export #4918",mobile,urgent
"Broken link in webhook retry #4919",docs,high
"Crash in renewal flow #4920",mobile,low
"Slow response from seat assignment #4921",docs,high
"Timeout on renewal flow #4922",mobile,low
"Broken link in invoice PDF #4923",api,high
"Timeout on usage report #4924",reports,urgent
"Wrong total in webhook retry #4925",auth,low
"Broken link in usage report #4926",auth,low
"Bad encoding in renewal flow #4927",onboarding,low
"Wrong total in renewal flow #4928",mobile,high
"Wrong total in monthly export #4929",auth,high
"Missing field in seat assignment #4930",auth,high
"Timeout on renewal flow #4931",onboarding,normal
"Bad encoding in renewal flow #4932",api,high
"Wrong total in seat assignment #4933",api,normal
"Crash in SSO callback #4934",docs,low
"Broken link in renewal flow #4935",docs,high
"Bad encoding in usage report #4936",auth,normal
"Crash in renewal flow #4937",api,low
"Missing field in seat assignment #4938",reports,urgent
"Bad encoding in usage report #4939",reports,high
"Bad encoding in audit log #4940",billing,normal
"Missing field in renewal flow #4941",onboarding,high
"Bad encoding in renewal flow #4942",auth,urgent
"Bad encoding in monthly export #4943",onboarding,high
"Missing field in SSO callback #4944",billing,urgent
"Missing field in monthly export #4945",billing,normal
"Timeout on seat assignment #4946",mobile,high
"Broken link in SSO callback #4947",api,urgent
"Timeout on usage report #4948",auth,urgent
"Broken link in invoice PDF #4949",api,urgent
"Slow response from monthly export #4950",docs,urgent
"Wrong total in audit log #4951",billing,high
"Missing field in seat assignment #4952",mobile,urgent
"Wrong total in seat assignment #4953",api,low
"Bad encoding in SSO callback #4954",api,low
"Missing field in invoice PDF #4955",auth,urgent
"Crash in SSO callback #4956",api,urgent
"Slow response from audit log #4957",mobile,normal
"Wrong total in webhook retry #4958",api,high
"Broken link in invoice PDF #4959",onboarding,low
"Crash in audit log #4960",api,urgent
"Bad encoding in renewal flow #4961",billing,normal
"Timeout on usage report #4962",docs,normal
"Missing field in webhook retry #4963",onboarding,high
"Wrong total in webhook retry #4964",billing,normal
"Slow response from SSO callback #4965",docs,high
"Slow response from renewal flow #4966",mobile,high
"Slow response from monthly export #4967",api,low
"Wrong total in invoice PDF #4968",reports,low
"Crash in audit log #4969",auth,urgent
"Crash in SSO callback #4970",onboarding,normal
"Bad encoding in webhook retry #4971",reports,high
"Bad encoding in SSO callback #4972",mobile,low
"Bad encoding in SSO callback #4973",reports,low
"Timeout on seat assignment #4974",api,normal
"Slow response from monthly export #4975",onboarding,high
"Timeout on audit log #4976",billing,high
"Broken link in audit log #4977",billing,low
"Wrong total in monthly export #4978",docs,low
"Slow response from renewal flow #4979",reports,urgent
"Timeout on usage report #4980",billing,normal
"Broken link in usage report #4981",reports,low
"Crash in seat assignment #4982",mobile,low
"Crash in SSO callback #4983",billing,normal
"Bad encoding in monthly export #4984",api,normal
"Broken link in monthly export #4985",docs,normal
"Bad encoding in usage report #4986",docs,low
"Slow response from SSO callback #4987",onboarding,normal
"Crash in renewal flow #4988",mobile,normal
"Crash in webhook retry #4989",docs,high
"Slow response from webhook retry #4990",docs,urgent
"Bad encoding in SSO callback #4991",onboarding,low
"Slow response from audit log #4992",auth,normal
"Wrong total in webhook retry #4993",reports,high
"Broken link in monthly export #4994",auth,high
"Missing field in monthly export #4995",auth,high
"Bad encoding in audit log #4996",billing,normal
"Bad encoding in usage report #4997",reports,low
"Bad encoding in SSO callback #4998",reports,high
"Slow response from invoice PDF #4999",onboarding,normal
"Timeout on webhook retry #5000",auth,urgent
